employment_history_id,employee_id,department_id,position_id,manager_id,employment_type_id,start_date,end_date
1,1,5,7,,3,2018-02-05,2020-01-01
2,1,5,7,,3,2020-01-02,
3,2,1,2,,1,2020-11-21,
4,3,4,6,,4,2020-10-02,
5,4,3,4,,2,2018-03-19,
6,5,5,7,,1,2017-06-22,
7,6,4,6,,4,2020-02-19,
8,7,1,2,,2,2018-05-09,2018-11-21
9,7,1,2,,2,2018-11-22,
10,8,2,3,,3,2018-11-15,
11,9,1,1,,4,2017-02-22,
12,10,5,7,,4,2019-02-25,2020-02-15
13,10,5,7,,4,2020-02-16,
14,11,2,3,,1,2020-06-25,
15,12,2,3,,2,2019-06-21,
16,13,1,2,,1,2020-12-23,
17,14,4,5,,2,2020-09-22,2021-07-07
18,14,4,5,,2,2021-07-08,
19,15,3,4,,2,2018-07-02,
20,16,5,7,,1,2019-01-04,
21,17,3,4,,3,2018-09-11,
22,18,3,4,,2,2020-07-08,2022-07-11
23,18,3,4,,2,2022-07-12,
24,19,5,7,,2,2017-08-23,2018-11-20
25,19,5,7,,2,2018-11-21,
26,20,2,3,,2,2019-03-23,
27,21,3,4,11,4,2025-01-26,
28,22,3,4,20,4,2026-11-04,
29,23,4,5,2,1,2025-01-27,2026-04-13
30,23,4,5,2,1,2026-04-14,
31,24,1,2,10,3,2021-04-22,
32,25,5,7,4,3,2020-11-15,2021-10-18
33,25,5,7,4,3,2021-10-19,
34,26,1,1,17,2,2023-08-09,
35,27,5,7,8,3,2020-01-01,
36,28,5,7,10,4,2025-06-21,
37,29,3,4,7,4,2024-01-01,2024-11-20
38,29,3,4,7,4,2024-11-21,
39,30,3,4,5,3,2025-02-23,2026-11-13
40,30,3,4,5,3,2026-11-14,
41,31,1,1,19,3,2026-06-17,2027-07-25
42,31,1,1,19,3,2027-07-26,
43,32,5,7,15,4,2020-03-19,
44,33,4,5,16,4,2025-08-12,
45,34,3,4,15,2,2023-09-24,2024-09-26
46,34,3,4,15,2,2024-09-27,
47,35,5,7,5,2,2023-04-29,
48,36,2,3,4,1,2021-11-03,
49,37,2,3,20,1,2026-03-29,
50,38,1,2,16,4,2020-12-05,
51,39,1,1,11,4,2025-11-12,
52,40,3,4,12,3,2023-02-02,2024-01-31
53,40,3,4,12,3,2024-02-01,
54,41,4,6,15,4,2021-04-19,2022-01-20
55,41,4,6,15,4,2022-01-21,
56,42,5,7,18,1,2024-08-01,
57,43,1,2,19,4,2023-12-25,
58,44,1,1,16,3,2023-07-20,
59,45,4,6,7,3,2021-08-07,2023-12-06
60,45,4,6,7,3,2023-12-07,
61,46,3,4,14,2,2026-01-24,2028-07-09
62,46,3,4,14,2,2028-07-10,
63,47,1,2,8,3,2025-03-23,
64,48,2,3,6,4,2024-05-02,2026-09-21
65,48,2,3,6,4,2026-09-22,
66,49,4,6,9,3,2023-07-03,
67,50,2,3,12,4,2024-09-27,
68,51,2,3,14,1,2025-04-13,
69,52,3,4,9,3,2021-05-14,
70,53,3,4,4,4,2021-03-31,
71,54,5,7,8,2,2024-09-25,2025-06-23
72,54,5,7,8,2,2025-06-24,
73,55,4,5,9,3,2024-08-22,2025-05-04
74,55,4,5,9,3,2025-05-05,
75,56,4,5,4,1,2020-06-04,
76,57,2,3,3,3,2023-06-20,2024-01-29
77,57,2,3,3,3,2024-01-30,
78,58,2,3,6,4,2026-04-14,2028-04-12
79,58,2,3,6,4,2028-04-13,
80,59,1,2,20,3,2020-04-15,
81,60,3,4,8,4,2026-05-06,
82,61,3,4,19,1,2026-02-28,
83,62,5,7,16,3,2024-09-27,
84,63,4,6,11,4,2022-04-16,
85,64,4,6,7,4,2023-08-15,2025-12-16
86,64,4,6,7,4,2025-12-17,
87,65,4,6,3,4,2023-01-26,2023-09-10
88,65,4,6,3,4,2023-09-11,
89,66,4,6,18,3,2022-10-04,
90,67,4,5,17,1,2025-06-10,2027-11-07
91,67,4,5,17,1,2027-11-08,
92,68,3,4,10,4,2021-06-18,
93,69,1,1,4,2,2024-01-28,2026-04-29
94,69,1,1,4,2,2026-04-30,
95,70,2,3,5,3,2026-02-14,
96,71,3,4,10,4,2025-11-06,
97,72,2,3,12,3,2022-02-21,2024-02-03
98,72,2,3,12,3,2024-02-04,
99,73,5,7,8,1,2020-10-24,
100,74,4,5,10,4,2024-02-05,2024-08-17
101,74,4,5,10,4,2024-08-18,
102,75,4,5,19,4,2026-05-13,
103,76,1,2,10,1,2023-02-26,
104,77,2,3,4,4,2021-06-08,
105,78,4,6,9,1,2021-07-15,
106,79,3,4,9,2,2022-01-10,
107,80,1,2,10,2,2020-06-19,
108,81,5,7,15,1,2026-01-27,
109,82,2,3,10,4,2023-12-01,
110,83,1,1,15,1,2023-07-05,
111,84,4,6,18,4,2025-03-23,2025-10-02
112,84,4,6,18,4,2025-10-03,
113,85,1,2,6,1,2020-01-18,2022-06-17
114,85,1,2,6,1,2022-06-18,
115,86,3,4,8,2,2020-08-04,2021-11-17
116,86,3,4,8,2,2021-11-18,
117,87,4,5,7,3,2026-06-30,
118,88,4,6,12,1,2020-01-19,
119,89,5,7,9,2,2024-07-05,
120,90,4,5,15,2,2022-11-13,
121,91,1,1,19,1,2025-09-06,2026-08-21
122,91,1,1,19,1,2026-08-22,
123,92,3,4,2,3,2022-09-29,
124,93,2,3,17,4,2020-12-12,
125,94,5,7,15,2,2021-06-14,
126,95,4,5,4,3,2024-06-23,
127,96,5,7,3,2,2022-08-21,
128,97,3,4,7,4,2021-01-04,2023-02-14
129,97,3,4,7,4,2023-02-15,
130,98,1,1,20,4,2022-05-18,
131,99,4,6,20,2,2021-03-07,
132,100,5,7,3,1,2023-01-21,2024-12-28
133,100,5,7,3,1,2024-12-29,
134,101,4,6,15,4,2025-05-29,
135,102,4,5,2,2,2026-02-24,2027-01-10
136,102,4,5,2,2,2027-01-11,
137,103,3,4,7,3,2024-10-15,
138,104,4,6,13,3,2025-09-25,
139,105,1,2,13,4,2023-05-28,
140,106,4,6,12,4,2021-01-26,
141,107,1,1,12,4,2026-04-28,
142,108,3,4,12,1,2022-08-17,
143,109,3,4,10,1,2026-08-15,
144,110,1,2,17,1,2026-09-02,2027-07-16
145,110,1,2,17,1,2027-07-17,
146,111,2,3,2,1,2020-09-24,2023-01-22
147,111,2,3,2,1,2023-01-23,
148,112,4,5,18,2,2025-09-09,2027-06-26
149,112,4,5,18,2,2027-06-27,
150,113,1,1,8,3,2026-02-17,2028-07-05
151,113,1,1,8,3,2028-07-06,
152,114,2,3,5,2,2024-02-21,2025-04-14
153,114,2,3,5,2,2025-04-15,
154,115,5,7,14,4,2022-07-06,2024-06-11
155,115,5,7,14,4,2024-06-12,
156,116,3,4,16,3,2020-03-27,2022-02-24
157,116,3,4,16,3,2022-02-25,
158,117,4,6,15,3,2023-04-28,2023-10-29
159,117,4,6,15,3,2023-10-30,
160,118,3,4,8,1,2023-10-17,2024-08-15
161,118,3,4,8,1,2024-08-16,
162,119,1,2,9,4,2021-07-02,
163,120,2,3,4,1,2026-05-08,
164,121,4,6,10,2,2021-07-08,
165,122,5,7,13,1,2020-03-24,2021-09-25
166,122,5,7,13,1,2021-09-26,
167,123,1,1,10,4,2021-02-20,
168,124,3,4,1,2,2024-04-18,
169,125,3,4,17,3,2021-02-08,
170,126,2,3,7,2,2021-10-22,2023-09-18
171,126,2,3,7,2,2023-09-19,
172,127,3,4,14,2,2021-09-30,
173,128,1,2,10,4,2021-10-24,2022-09-06
174,128,1,2,10,4,2022-09-07,
175,129,1,1,14,2,2021-05-02,
176,130,3,4,6,3,2023-04-21,
177,131,4,5,2,2,2023-01-18,2023-09-22
178,131,4,5,2,2,2023-09-23,
179,132,3,4,15,4,2022-07-21,
180,133,1,2,5,1,2025-11-22,
181,134,1,1,14,3,2025-02-25,
182,135,2,3,16,4,2021-05-30,2023-02-20
183,135,2,3,16,4,2023-02-21,
184,136,2,3,2,1,2022-01-31,2023-02-11
185,136,2,3,2,1,2023-02-12,
186,137,3,4,10,2,2021-12-12,
187,138,4,5,18,2,2024-09-18,2025-06-22
188,138,4,5,18,2,2025-06-23,
189,139,2,3,10,1,2024-02-12,
190,140,5,7,15,4,2026-07-08,
191,141,5,7,2,3,2024-04-25,
192,142,2,3,14,3,2025-02-17,
193,143,4,5,7,3,2025-09-22,
194,144,5,7,18,2,2025-12-14,2026-10-11
195,144,5,7,18,2,2026-10-12,
196,145,2,3,6,3,2021-04-03,2023-06-12
197,145,2,3,6,3,2023-06-13,
198,146,3,4,4,4,2020-05-14,
199,147,1,2,17,4,2025-09-26,2027-02-20
200,147,1,2,17,4,2027-02-21,
201,148,2,3,17,4,2024-02-23,
202,149,5,7,8,3,2025-07-29,2027-10-13
203,149,5,7,8,3,2027-10-14,
204,150,5,7,2,4,2023-06-22,
205,151,4,6,19,2,2026-04-06,
206,152,1,2,18,2,2021-10-13,2022-08-10
207,152,1,2,18,2,2022-08-11,
208,153,3,4,15,3,2020-09-16,
209,154,5,7,3,4,2022-11-19,
210,155,1,1,3,2,2026-04-27,
211,156,5,7,17,2,2020-01-08,2022-06-11
212,156,5,7,17,2,2022-06-12,
213,157,1,1,2,2,2025-09-25,
214,158,1,2,13,4,2025-05-28,
215,159,5,7,5,4,2026-02-26,2028-03-11
216,159,5,7,5,4,2028-03-12,
217,160,3,4,6,2,2022-04-01,
218,161,2,3,5,4,2020-06-09,
219,162,4,6,9,4,2024-01-29,2025-09-01
220,162,4,6,9,4,2025-09-02,
221,163,4,6,14,2,2021-10-24,
222,164,4,5,20,2,2020-09-19,2022-11-05
223,164,4,5,20,2,2022-11-06,
224,165,3,4,12,2,2021-01-15,2021-08-08
225,165,3,4,12,2,2021-08-09,
226,166,3,4,15,3,2025-08-03,
227,167,1,1,10,4,2024-12-01,2025-12-27
228,167,1,1,10,4,2025-12-28,
229,168,1,1,17,1,2020-11-05,2022-01-13
230,168,1,1,17,1,2022-01-14,
231,169,4,5,1,3,2026-11-19,
232,170,4,5,3,1,2022-04-13,
233,171,3,4,8,2,2024-01-25,2025-07-08
234,171,3,4,8,2,2025-07-09,
235,172,3,4,6,2,2024-03-19,2025-12-30
236,172,3,4,6,2,2025-12-31,
237,173,4,6,20,4,2024-04-05,
238,174,5,7,8,1,2023-09-18,
239,175,1,2,14,4,2024-09-16,2025-10-19
240,175,1,2,14,4,2025-10-20,
241,176,4,6,19,1,2023-10-15,
242,177,5,7,18,1,2022-10-26,
243,178,5,7,8,3,2025-12-29,2027-09-01
244,178,5,7,8,3,2027-09-02,
245,179,2,3,5,4,2026-06-05,2028-08-07
246,179,2,3,5,4,2028-08-08,
247,180,2,3,3,4,2026-04-06,
248,181,5,7,1,4,2024-09-23,
249,182,3,4,7,2,2020-09-05,
250,183,4,6,1,1,2024-12-20,
251,184,5,7,20,1,2021-06-24,2023-03-17
252,184,5,7,20,1,2023-03-18,
253,185,1,2,7,4,2025-01-11,
254,186,2,3,5,3,2024-09-28,
255,187,3,4,20,2,2022-04-06,
256,188,3,4,16,4,2024-04-08,2025-04-08
257,188,3,4,16,4,2025-04-09,
258,189,1,1,9,3,2024-01-24,2026-01-24
259,189,1,1,9,3,2026-01-25,
260,190,2,3,20,4,2022-07-01,
261,191,1,1,15,1,2023-08-28,2024-06-15
262,191,1,1,15,1,2024-06-16,
263,192,2,3,14,1,2022-08-29,
264,193,1,2,18,2,2022-03-23,
265,194,5,7,4,2,2021-07-08,
266,195,5,7,3,2,2025-01-17,2025-08-29
267,195,5,7,3,2,2025-08-30,
268,196,4,6,1,1,2021-12-30,2023-07-15
269,196,4,6,1,1,2023-07-16,
270,197,1,2,14,2,2022-09-22,2024-10-11
271,197,1,2,14,2,2024-10-12,
272,198,1,1,18,3,2022-05-05,2024-08-01
273,198,1,1,18,3,2024-08-02,
274,199,2,3,15,1,2023-09-09,
275,200,4,6,18,4,2021-01-19,
276,201,2,3,7,4,2021-09-26,
277,202,3,4,20,3,2022-01-25,
278,203,2,3,12,1,2026-02-26,
279,204,5,7,14,3,2021-03-06,2023-07-08
280,204,5,7,14,3,2023-07-09,
281,205,2,3,6,3,2023-01-09,
282,206,4,6,15,2,2025-11-30,
283,207,4,5,5,2,2022-12-04,2024-10-19
284,207,4,5,5,2,2024-10-20,
285,208,3,4,14,3,2024-03-15,
286,209,1,1,12,4,2022-06-13,
287,210,1,1,5,3,2022-02-12,
288,211,4,5,4,4,2021-08-07,
289,212,4,6,2,4,2025-05-28,
290,213,4,5,16,1,2025-12-03,
291,214,5,7,8,2,2021-02-21,2023-01-14
292,214,5,7,8,2,2023-01-15,
293,215,2,3,8,4,2023-02-03,2023-10-23
294,215,2,3,8,4,2023-10-24,
295,216,1,2,12,2,2021-11-20,
296,217,5,7,2,1,2021-11-17,2022-11-28
297,217,5,7,2,1,2022-11-29,
298,218,3,4,14,2,2026-12-28,
299,219,2,3,6,2,2023-04-12,
300,220,4,6,12,2,2022-01-11,2022-07-30
301,220,4,6,12,2,2022-07-31,
302,221,4,6,16,2,2022-05-24,
303,222,5,7,17,3,2023-08-26,
304,223,1,2,6,4,2025-08-30,2027-01-18
305,223,1,2,6,4,2027-01-19,
306,224,3,4,7,4,2026-10-19,
307,225,2,3,10,4,2026-10-29,
308,226,1,2,20,3,2022-01-07,2024-04-02
309,226,1,2,20,3,2024-04-03,
310,227,3,4,2,3,2023-08-08,2025-11-04
311,227,3,4,2,3,2025-11-05,
312,228,5,7,9,1,2026-08-31,2028-06-24
313,228,5,7,9,1,2028-06-25,
314,229,2,3,12,3,2022-05-09,2024-08-13
315,229,2,3,12,3,2024-08-14,
316,230,1,2,18,3,2023-08-25,
317,231,2,3,7,1,2024-09-12,
318,232,3,4,1,3,2026-01-28,
319,233,5,7,11,3,2020-09-07,
320,234,2,3,17,3,2024-03-06,
321,235,4,6,6,1,2022-04-30,2023-11-07
322,235,4,6,6,1,2023-11-08,
323,236,1,2,9,4,2023-01-02,2025-04-21
324,236,1,2,9,4,2025-04-22,
325,237,4,6,3,2,2022-02-26,
326,238,4,6,17,3,2023-12-13,2025-04-27
327,238,4,6,17,3,2025-04-28,
328,239,5,7,11,4,2021-12-13,2022-08-17
329,239,5,7,11,4,2022-08-18,
330,240,2,3,15,3,2023-01-31,2025-01-17
331,240,2,3,15,3,2025-01-18,
332,241,3,4,16,3,2025-07-28,
333,242,5,7,18,4,2021-04-29,
334,243,4,6,17,4,2021-12-24,2023-06-12
335,243,4,6,17,4,2023-06-13,
336,244,3,4,1,3,2025-09-07,2027-05-29
337,244,3,4,1,3,2027-05-30,
338,245,4,6,8,3,2022-07-16,
339,246,2,3,15,4,2022-11-09,
340,247,4,5,9,2,2023-09-19,
341,248,4,5,4,4,2026-03-08,
342,249,3,4,13,3,2023-02-01,
343,250,4,5,4,3,2022-01-11,
344,251,4,6,20,2,2024-03-10,
345,252,3,4,15,3,2026-01-31,
346,253,3,4,8,1,2021-08-25,
347,254,3,4,3,1,2023-11-16,
348,255,3,4,16,1,2024-01-25,2025-10-31
349,255,3,4,16,1,2025-11-01,
350,256,2,3,3,1,2022-02-13,
351,257,3,4,10,4,2022-02-06,
352,258,4,6,11,2,2026-11-02,
353,259,4,6,13,2,2022-02-15,
354,260,5,7,19,4,2022-07-10,
355,261,1,2,1,1,2023-01-04,
356,262,3,4,11,2,2022-10-03,2024-09-12
357,262,3,4,11,2,2024-09-13,
358,263,3,4,19,3,2025-09-23,
359,264,4,6,13,4,2021-04-10,
360,265,4,5,12,1,2024-02-03,
361,266,4,6,20,1,2025-02-09,2026-01-11
362,266,4,6,20,1,2026-01-12,
363,267,2,3,13,3,2026-09-14,
364,268,2,3,19,1,2024-10-05,2027-01-18
365,268,2,3,19,1,2027-01-19,
366,269,3,4,18,1,2026-11-03,
367,270,5,7,8,1,2020-09-29,
368,271,4,5,1,3,2022-09-01,
369,272,3,4,7,1,2020-07-26,2022-06-04
370,272,3,4,7,1,2022-06-05,
371,273,4,6,18,3,2020-01-21,2022-01-12
372,273,4,6,18,3,2022-01-13,
373,274,1,2,14,2,2024-05-02,
374,275,5,7,4,1,2025-01-03,2026-08-15
375,275,5,7,4,1,2026-08-16,
376,276,2,3,9,4,2025-03-20,2026-08-25
377,276,2,3,9,4,2026-08-26,
378,277,5,7,6,3,2025-09-07,
379,278,5,7,19,3,2020-09-13,2022-06-09
380,278,5,7,19,3,2022-06-10,
381,279,4,5,7,4,2022-02-20,2024-01-08
382,279,4,5,7,4,2024-01-09,
383,280,5,7,9,3,2025-01-25,
384,281,4,5,11,1,2024-11-16,
385,282,5,7,19,4,2022-03-03,2024-05-03
386,282,5,7,19,4,2024-05-04,
387,283,1,2,14,2,2026-12-14,
388,284,2,3,20,4,2025-05-26,
389,285,5,7,9,3,2024-12-20,2027-05-17
390,285,5,7,9,3,2027-05-18,
391,286,4,6,6,1,2024-08-10,2026-01-29
392,286,4,6,6,1,2026-01-30,
393,287,1,1,13,4,2024-02-05,
394,288,5,7,8,3,2026-09-24,
395,289,2,3,15,3,2026-07-25,
396,290,4,6,13,1,2023-02-22,
397,291,5,7,11,3,2020-09-28,2022-11-14
398,291,5,7,11,3,2022-11-15,
399,292,4,6,4,1,2024-11-03,2025-10-12
400,292,4,6,4,1,2025-10-13,
401,293,4,6,15,1,2026-12-20,
402,294,1,1,18,4,2020-11-26,
403,295,3,4,20,3,2023-07-05,2024-11-14
404,295,3,4,20,3,2024-11-15,
405,296,3,4,10,2,2021-07-24,
406,297,1,1,9,1,2025-07-08,2027-10-25
407,297,1,1,9,1,2027-10-26,
408,298,5,7,17,2,2020-03-31,2021-06-23
409,298,5,7,17,2,2021-06-24,
410,299,1,1,13,4,2026-01-09,
411,300,5,7,3,4,2020-07-13,
412,301,5,7,17,3,2024-04-16,
413,302,4,5,2,4,2022-08-23,
414,303,2,3,2,2,2020-06-20,
415,304,3,4,10,2,2021-01-06,
416,305,3,4,11,4,2025-03-04,2026-02-04
417,305,3,4,11,4,2026-02-05,
418,306,4,5,16,4,2024-10-09,
419,307,2,3,17,1,2022-12-01,
420,308,5,7,20,3,2023-04-05,2024-03-07
421,308,5,7,20,3,2024-03-08,
422,309,1,2,17,3,2026-03-17,
423,310,1,2,12,1,2026-09-27,
424,311,5,7,16,4,2020-04-23,
425,312,4,6,2,2,2020-05-17,
426,313,4,5,3,3,2024-09-28,2026-11-25
427,313,4,5,3,3,2026-11-26,
428,314,3,4,7,4,2026-06-25,
429,315,1,1,16,3,2022-02-27,
430,316,4,5,9,1,2022-02-21,2023-10-05
431,316,4,5,9,1,2023-10-06,
432,317,1,1,9,1,2025-08-09,2026-03-15
433,317,1,1,9,1,2026-03-16,
434,318,4,5,5,2,2024-07-15,
435,319,1,2,3,1,2020-06-12,2022-05-03
436,319,1,2,3,1,2022-05-04,
437,320,2,3,11,2,2024-11-09,
438,321,2,3,12,3,2022-06-01,
439,322,5,7,16,1,2022-08-13,
440,323,4,5,11,2,2022-07-30,2023-03-18
441,323,4,5,11,2,2023-03-19,
442,324,5,7,16,2,2025-03-16,
443,325,3,4,2,3,2021-04-04,
444,326,3,4,18,1,2023-06-20,2024-05-12
445,326,3,4,18,1,2024-05-13,
446,327,4,6,8,3,2025-01-15,
447,328,1,2,4,3,2026-02-27,2028-03-02
448,328,1,2,4,3,2028-03-03,
449,329,5,7,17,4,2025-07-05,
450,330,4,5,5,3,2026-08-23,
451,331,4,6,13,1,2024-01-19,
452,332,5,7,6,1,2021-05-03,2023-09-19
453,332,5,7,6,1,2023-09-20,
454,333,5,7,2,1,2020-12-23,
455,334,1,2,17,1,2026-04-09,2028-08-19
456,334,1,2,17,1,2028-08-20,
457,335,3,4,8,4,2024-01-20,
458,336,3,4,13,1,2025-03-15,2027-06-04
459,336,3,4,13,1,2027-06-05,
460,337,2,3,8,2,2025-10-10,2026-04-23
461,337,2,3,8,2,2026-04-24,
462,338,1,2,11,2,2024-06-12,2026-03-09
463,338,1,2,11,2,2026-03-10,
464,339,2,3,13,1,2020-10-16,
465,340,1,2,2,4,2022-04-21,2023-07-01
466,340,1,2,2,4,2023-07-02,
467,341,5,7,2,4,2025-08-08,
468,342,5,7,6,1,2020-04-18,2022-09-02
469,342,5,7,6,1,2022-09-03,
470,343,5,7,17,3,2021-10-19,2022-11-27
471,343,5,7,17,3,2022-11-28,
472,344,4,6,13,2,2024-04-25,
473,345,5,7,18,3,2020-12-19,2022-08-14
474,345,5,7,18,3,2022-08-15,
475,346,3,4,6,1,2023-11-13,
476,347,4,6,12,4,2021-12-11,
477,348,3,4,4,1,2024-06-29,2025-03-24
478,348,3,4,4,1,2025-03-25,
479,349,4,6,6,1,2023-06-22,2025-11-15
480,349,4,6,6,1,2025-11-16,
481,350,5,7,6,3,2021-04-28,
482,351,5,7,18,4,2022-06-24,
483,352,3,4,9,2,2025-09-28,2027-09-25
484,352,3,4,9,2,2027-09-26,
485,353,4,6,4,2,2020-04-18,2021-06-19
486,353,4,6,4,2,2021-06-20,
487,354,2,3,17,1,2020-10-07,2021-10-11
488,354,2,3,17,1,2021-10-12,
489,355,5,7,13,1,2020-04-08,
490,356,3,4,13,2,2023-09-07,2025-03-18
491,356,3,4,13,2,2025-03-19,
492,357,2,3,1,2,2021-06-16,
493,358,2,3,20,1,2023-10-15,
494,359,3,4,12,1,2021-01-10,2021-08-19
495,359,3,4,12,1,2021-08-20,
496,360,3,4,7,1,2024-11-02,2025-07-25
497,360,3,4,7,1,2025-07-26,
498,361,2,3,15,2,2020-10-17,
499,362,1,2,13,3,2023-05-17,2025-03-20
500,362,1,2,13,3,2025-03-21,
501,363,2,3,17,4,2025-11-19,2026-05-21
502,363,2,3,17,4,2026-05-22,
503,364,3,4,16,4,2023-10-01,
504,365,5,7,2,3,2026-04-26,
505,366,2,3,3,4,2023-11-26,2026-04-21
506,366,2,3,3,4,2026-04-22,
507,367,5,7,8,3,2023-02-26,
508,368,3,4,16,3,2026-02-26,2028-07-30
509,368,3,4,16,3,2028-07-31,
510,369,3,4,3,4,2024-09-26,
511,370,2,3,3,3,2026-10-13,2028-10-09
512,370,2,3,3,3,2028-10-10,
513,371,3,4,20,4,2024-08-13,2026-01-25
514,371,3,4,20,4,2026-01-26,
515,372,5,7,18,4,2022-03-20,
516,373,3,4,3,1,2020-03-21,2020-11-06
517,373,3,4,3,1,2020-11-07,
518,374,3,4,2,3,2023-11-01,2025-07-03
519,374,3,4,2,3,2025-07-04,
520,375,2,3,10,2,2024-03-31,
521,376,3,4,9,3,2026-12-28,2027-10-20
522,376,3,4,9,3,2027-10-21,
523,377,4,6,10,1,2024-07-03,
524,378,3,4,18,2,2022-12-01,
525,379,4,5,7,4,2020-11-24,
526,380,4,5,19,4,2020-11-24,
527,381,5,7,17,4,2025-10-09,
528,382,5,7,19,2,2022-06-16,
529,383,3,4,13,4,2020-07-17,
530,384,2,3,17,2,2025-04-28,
531,385,1,1,6,3,2024-12-12,2027-03-04
532,385,1,1,6,3,2027-03-05,
533,386,3,4,16,1,2024-01-02,
534,387,2,3,3,3,2021-01-05,2023-02-03
535,387,2,3,3,3,2023-02-04,
536,388,1,1,20,3,2026-09-10,
537,389,1,1,4,3,2023-02-16,
538,390,5,7,7,1,2022-02-26,
539,391,3,4,19,1,2026-08-11,2027-02-11
540,391,3,4,19,1,2027-02-12,
541,392,2,3,5,1,2024-05-17,2024-12-07
542,392,2,3,5,1,2024-12-08,
543,393,3,4,5,1,2023-03-10,
544,394,5,7,13,1,2022-11-28,2023-08-16
545,394,5,7,13,1,2023-08-17,
546,395,5,7,10,2,2024-07-31,
547,396,1,2,2,2,2024-12-01,
548,397,1,2,2,2,2021-04-07,
549,398,2,3,14,1,2021-08-30,
550,399,3,4,3,3,2020-10-19,2022-07-02
551,399,3,4,3,3,2022-07-03,
552,400,4,5,14,2,2026-06-26,
553,401,1,2,8,3,2022-09-29,
554,402,1,1,4,2,2024-12-27,
555,403,3,4,8,4,2022-03-21,2024-04-08
556,403,3,4,8,4,2024-04-09,
557,404,3,4,7,3,2020-02-20,2021-09-28
558,404,3,4,7,3,2021-09-29,
559,405,1,2,1,3,2023-09-25,2025-12-06
560,405,1,2,1,3,2025-12-07,
561,406,5,7,12,1,2021-12-10,
562,407,5,7,8,1,2021-08-07,2023-06-17
563,407,5,7,8,1,2023-06-18,
564,408,1,2,7,2,2026-01-16,
565,409,4,6,4,1,2026-09-27,
566,410,5,7,4,3,2021-12-11,
567,411,4,5,4,3,2022-01-28,
568,412,1,2,8,4,2022-02-10,
569,413,1,1,14,2,2025-02-10,2027-04-24
570,413,1,1,14,2,2027-04-25,
571,414,1,1,9,2,2020-04-03,
572,415,2,3,8,1,2021-05-14,2021-12-09
573,415,2,3,8,1,2021-12-10,
574,416,4,5,8,4,2023-10-20,
575,417,3,4,5,1,2026-05-08,
576,418,3,4,19,1,2026-01-24,
577,419,3,4,6,3,2022-12-05,
578,420,1,1,18,3,2021-02-05,
579,421,3,4,14,3,2021-03-21,
580,422,5,7,10,4,2023-04-02,
581,423,5,7,19,2,2021-07-09,2022-11-14
582,423,5,7,19,2,2022-11-15,
583,424,4,6,12,3,2025-09-03,2027-06-12
584,424,4,6,12,3,2027-06-13,
585,425,1,1,4,1,2020-10-13,2021-10-04
586,425,1,1,4,1,2021-10-05,
587,426,1,2,13,3,2024-08-23,
588,427,5,7,19,1,2025-12-20,
589,428,5,7,13,4,2020-07-22,
590,429,5,7,2,3,2025-03-20,2027-07-07
591,429,5,7,2,3,2027-07-08,
592,430,2,3,12,4,2021-03-06,2023-06-12
593,430,2,3,12,4,2023-06-13,
594,431,5,7,2,1,2021-11-17,
595,432,1,1,5,3,2022-08-14,
596,433,2,3,14,4,2026-03-23,
597,434,1,2,16,2,2021-03-11,2021-09-10
598,434,1,2,16,2,2021-09-11,
599,435,1,1,5,1,2026-08-12,
600,436,5,7,18,2,2026-01-22,
601,437,4,6,14,1,2026-03-27,
602,438,1,1,9,2,2024-11-27,
603,439,2,3,3,2,2024-06-01,
604,440,1,1,19,4,2022-06-08,2023-09-06
605,440,1,1,19,4,2023-09-07,
606,441,3,4,19,3,2020-09-22,2021-10-08
607,441,3,4,19,3,2021-10-09,
608,442,3,4,9,1,2022-12-04,
609,443,3,4,19,4,2025-12-10,2026-07-10
610,443,3,4,19,4,2026-07-11,
611,444,3,4,16,3,2023-07-22,2025-09-29
612,444,3,4,16,3,2025-09-30,
613,445,5,7,1,1,2026-06-24,
614,446,2,3,20,1,2026-10-31,2027-12-03
615,446,2,3,20,1,2027-12-04,
616,447,4,5,4,1,2022-03-07,2022-09-14
617,447,4,5,4,1,2022-09-15,
618,448,4,5,19,3,2023-04-18,
619,449,2,3,4,1,2024-05-13,2025-01-18
620,449,2,3,4,1,2025-01-19,
621,450,5,7,4,3,2024-07-25,2025-03-02
622,450,5,7,4,3,2025-03-03,
623,451,5,7,6,3,2026-06-05,2027-02-19
624,451,5,7,6,3,2027-02-20,
625,452,3,4,9,1,2024-08-19,
626,453,2,3,10,3,2021-02-05,2022-05-28
627,453,2,3,10,3,2022-05-29,
628,454,1,2,9,3,2020-11-07,2021-12-23
629,454,1,2,9,3,2021-12-24,
630,455,3,4,5,1,2025-12-27,
631,456,3,4,19,4,2026-02-18,2027-04-16
632,456,3,4,19,4,2027-04-17,
633,457,3,4,14,1,2021-04-15,
634,458,5,7,20,3,2023-10-14,2024-05-31
635,458,5,7,20,3,2024-06-01,
636,459,3,4,5,3,2026-02-06,2027-08-02
637,459,3,4,5,3,2027-08-03,
638,460,5,7,3,4,2024-07-18,
639,461,4,6,3,1,2023-09-18,
640,462,5,7,12,3,2021-01-10,2022-10-05
641,462,5,7,12,3,2022-10-06,
642,463,2,3,1,2,2020-08-14,
643,464,2,3,9,4,2020-03-21,
644,465,3,4,16,2,2026-12-26,
645,466,2,3,2,4,2020-12-29,
646,467,2,3,12,1,2020-06-23,
647,468,5,7,6,1,2022-06-21,2023-07-11
648,468,5,7,6,1,2023-07-12,
649,469,1,1,16,4,2023-07-26,2025-12-05
650,469,1,1,16,4,2025-12-06,
651,470,4,5,11,2,2024-12-23,2025-10-18
652,470,4,5,11,2,2025-10-19,
653,471,1,2,10,4,2026-11-02,
654,472,2,3,15,2,2022-07-07,2024-10-10
655,472,2,3,15,2,2024-10-11,
656,473,4,5,1,3,2021-01-01,
657,474,3,4,12,1,2021-05-23,
658,475,3,4,11,1,2021-06-29,
659,476,2,3,7,2,2026-04-28,
660,477,4,6,20,4,2023-04-01,
661,478,1,1,16,4,2022-10-20,2025-03-10
662,478,1,1,16,4,2025-03-11,
663,479,3,4,10,3,2021-05-21,
664,480,4,6,3,1,2022-06-19,
665,481,4,5,14,2,2025-01-27,2027-01-30
666,481,4,5,14,2,2027-01-31,
667,482,2,3,17,1,2020-03-29,
668,483,5,7,11,2,2025-02-03,
669,484,2,3,7,3,2023-01-29,
670,485,5,7,16,3,2025-04-19,2027-01-31
671,485,5,7,16,3,2027-02-01,
672,486,3,4,1,3,2023-07-02,2024-09-16
673,486,3,4,1,3,2024-09-17,
674,487,5,7,12,4,2020-10-08,
675,488,4,5,8,3,2020-12-12,
676,489,1,2,19,3,2025-08-14,
677,490,3,4,16,2,2024-05-17,2025-08-10
678,490,3,4,16,2,2025-08-11,
679,491,3,4,15,3,2020-09-13,
680,492,3,4,13,3,2022-07-25,
681,493,1,1,4,4,2026-04-04,2027-04-23
682,493,1,1,4,4,2027-04-24,
683,494,2,3,12,3,2022-03-19,2024-08-22
684,494,2,3,12,3,2024-08-23,
685,495,2,3,7,1,2021-03-10,
686,496,2,3,12,1,2023-08-09,
687,497,1,1,10,4,2021-07-19,
688,498,5,7,11,1,2020-03-15,
689,499,5,7,4,2,2025-12-19,
690,500,3,4,5,3,2023-07-11,
