employee_id,first_name,last_name,date_of_birth,photo_url,email,department_id,position_id,manager_id,employment_type_id,employment_status_id,hire_date,termination_date,termination_reason_id
1,Kevin,Miller,1981-02-01,https://sharepoint.uptime-solutions.com/photos/1.jpg,employee1@uptime-solutions.com,4,6,,1,2,2017-02-06,,
2,Mark,Baker,1984-02-28,https://sharepoint.uptime-solutions.com/photos/2.jpg,employee2@uptime-solutions.com,5,7,,4,2,2017-06-16,,
3,Ian,Lyons,1983-10-21,https://sharepoint.uptime-solutions.com/photos/3.jpg,employee3@uptime-solutions.com,4,6,,4,2,2018-05-26,,
4,Wesley,Lloyd,1989-10-17,https://sharepoint.uptime-solutions.com/photos/4.jpg,employee4@uptime-solutions.com,4,5,,3,2,2017-05-17,,
5,Tricia,Stephens,1972-07-13,https://sharepoint.uptime-solutions.com/photos/5.jpg,employee5@uptime-solutions.com,1,2,,3,2,2019-01-01,,
6,Joseph,Archer,1981-07-29,https://sharepoint.uptime-solutions.com/photos/6.jpg,employee6@uptime-solutions.com,5,7,,4,2,2018-05-13,,
7,Travis,Wheeler,1983-09-25,https://sharepoint.uptime-solutions.com/photos/7.jpg,employee7@uptime-solutions.com,5,7,,3,2,2019-12-27,,
8,Jenny,Cook,1984-04-11,https://sharepoint.uptime-solutions.com/photos/8.jpg,employee8@uptime-solutions.com,2,3,,3,2,2018-06-06,,
9,Paul,Thompson,1980-08-02,https://sharepoint.uptime-solutions.com/photos/9.jpg,employee9@uptime-solutions.com,2,3,,1,2,2017-03-13,,
10,Jill,Romero,1984-01-14,https://sharepoint.uptime-solutions.com/photos/10.jpg,employee10@uptime-solutions.com,3,4,,4,2,2017-05-19,,
11,Melissa,Harris,1983-03-28,https://sharepoint.uptime-solutions.com/photos/11.jpg,employee11@uptime-solutions.com,1,2,,3,2,2020-09-05,,
12,Benjamin,Cole,1970-09-11,https://sharepoint.uptime-solutions.com/photos/12.jpg,employee12@uptime-solutions.com,4,6,,3,2,2017-01-10,,
13,Nicole,Smith,1989-11-24,https://sharepoint.uptime-solutions.com/photos/13.jpg,employee13@uptime-solutions.com,2,3,,1,2,2020-10-15,,
14,Richard,Dudley,1983-05-21,https://sharepoint.uptime-solutions.com/photos/14.jpg,employee14@uptime-solutions.com,2,3,,2,2,2020-08-03,,
15,Brenda,Odom,1982-10-27,https://sharepoint.uptime-solutions.com/photos/15.jpg,employee15@uptime-solutions.com,2,3,,3,2,2017-02-19,,
16,Michael,Shaffer,1985-03-23,https://sharepoint.uptime-solutions.com/photos/16.jpg,employee16@uptime-solutions.com,1,1,,1,2,2019-08-24,,
17,Debra,Pratt,1977-10-14,https://sharepoint.uptime-solutions.com/photos/17.jpg,employee17@uptime-solutions.com,1,2,,3,2,2017-09-24,,
18,Karen,Richardson,1986-12-03,https://sharepoint.uptime-solutions.com/photos/18.jpg,employee18@uptime-solutions.com,5,7,,3,2,2020-01-07,,
19,Alicia,Fisher,1976-12-04,https://sharepoint.uptime-solutions.com/photos/19.jpg,employee19@uptime-solutions.com,2,3,,1,2,2017-11-10,,
20,Amy,Love,1988-03-03,https://sharepoint.uptime-solutions.com/photos/20.jpg,employee20@uptime-solutions.com,1,1,,4,2,2019-05-04,,
21,George,Robinson,1980-06-09,https://sharepoint.uptime-solutions.com/photos/21.jpg,employee21@uptime-solutions.com,5,7,1,4,2,2022-07-04,,
22,Anthony,Snyder,1995-10-08,https://sharepoint.uptime-solutions.com/photos/22.jpg,employee22@uptime-solutions.com,5,7,5,2,2,2026-05-18,,
23,Christopher,Scott,1982-12-19,https://sharepoint.uptime-solutions.com/photos/23.jpg,employee23@uptime-solutions.com,1,1,12,1,2,2022-12-28,,
24,Tracie,Jones,1989-10-15,https://sharepoint.uptime-solutions.com/photos/24.jpg,employee24@uptime-solutions.com,5,7,20,1,2,2024-08-13,,
25,Desiree,Medina,1978-12-20,https://sharepoint.uptime-solutions.com/photos/25.jpg,employee25@uptime-solutions.com,3,4,13,1,2,2026-04-19,,
26,Alicia,Dorsey,1993-03-29,https://sharepoint.uptime-solutions.com/photos/26.jpg,employee26@uptime-solutions.com,4,5,12,4,2,2026-11-10,,
27,Luke,Malone,1991-09-08,https://sharepoint.uptime-solutions.com/photos/27.jpg,employee27@uptime-solutions.com,4,6,11,4,2,2021-12-10,,
28,Victor,Roth,1978-02-01,https://sharepoint.uptime-solutions.com/photos/28.jpg,employee28@uptime-solutions.com,4,5,17,3,2,2021-02-10,,
29,Christopher,Davis,1972-03-06,https://sharepoint.uptime-solutions.com/photos/29.jpg,employee29@uptime-solutions.com,1,2,11,1,2,2021-12-08,,
30,Teresa,James,1999-04-15,https://sharepoint.uptime-solutions.com/photos/30.jpg,employee30@uptime-solutions.com,4,6,15,1,2,2025-09-17,,
31,Jessica,Durham,1971-06-17,https://sharepoint.uptime-solutions.com/photos/31.jpg,employee31@uptime-solutions.com,2,3,2,1,3,2022-04-25,2024-01-19,13
32,Brian,Roberts,1998-12-10,https://sharepoint.uptime-solutions.com/photos/32.jpg,employee32@uptime-solutions.com,1,2,13,1,2,2025-07-11,,
33,Ashley,Thompson,1967-04-20,https://sharepoint.uptime-solutions.com/photos/33.jpg,employee33@uptime-solutions.com,1,2,2,1,2,2025-07-29,,
34,Kimberly,Gutierrez,1995-09-29,https://sharepoint.uptime-solutions.com/photos/34.jpg,employee34@uptime-solutions.com,1,2,2,2,2,2023-03-11,,
35,Craig,Nelson,1981-01-15,https://sharepoint.uptime-solutions.com/photos/35.jpg,employee35@uptime-solutions.com,2,3,5,2,2,2024-10-25,,
36,Michael,Mcdonald,1967-05-20,https://sharepoint.uptime-solutions.com/photos/36.jpg,employee36@uptime-solutions.com,2,3,19,4,2,2020-08-18,,
37,Wesley,Jenkins,1969-12-02,https://sharepoint.uptime-solutions.com/photos/37.jpg,employee37@uptime-solutions.com,1,2,12,2,3,2025-10-21,2026-12-22,14
38,Terri,Bright,1970-04-10,https://sharepoint.uptime-solutions.com/photos/38.jpg,employee38@uptime-solutions.com,5,7,20,3,2,2026-07-21,,
39,James,Owens,1981-06-22,https://sharepoint.uptime-solutions.com/photos/39.jpg,employee39@uptime-solutions.com,4,5,10,4,2,2022-03-03,,
40,Ashley,Brown,1975-04-01,https://sharepoint.uptime-solutions.com/photos/40.jpg,employee40@uptime-solutions.com,2,3,14,3,2,2026-03-08,,
41,Jessica,Horton,1995-06-02,https://sharepoint.uptime-solutions.com/photos/41.jpg,employee41@uptime-solutions.com,3,4,12,1,1,2025-07-28,,
42,Thomas,Lee,1967-02-12,https://sharepoint.uptime-solutions.com/photos/42.jpg,employee42@uptime-solutions.com,3,4,3,2,2,2020-08-09,,
43,Philip,Marshall,1974-10-20,https://sharepoint.uptime-solutions.com/photos/43.jpg,employee43@uptime-solutions.com,1,1,16,2,2,2020-12-16,,
44,Donald,Lawrence,1977-11-05,https://sharepoint.uptime-solutions.com/photos/44.jpg,employee44@uptime-solutions.com,2,3,2,3,2,2021-09-03,,
45,Tony,Hess,1991-07-04,https://sharepoint.uptime-solutions.com/photos/45.jpg,employee45@uptime-solutions.com,4,5,14,1,2,2021-04-24,,
46,Justin,Mckay,1975-10-03,https://sharepoint.uptime-solutions.com/photos/46.jpg,employee46@uptime-solutions.com,5,7,7,2,3,2023-09-07,2026-10-09,14
47,Sandra,Riley,1990-04-12,https://sharepoint.uptime-solutions.com/photos/47.jpg,employee47@uptime-solutions.com,1,1,8,3,2,2025-08-12,,
48,Laurie,Harrison,1970-03-26,https://sharepoint.uptime-solutions.com/photos/48.jpg,employee48@uptime-solutions.com,5,7,16,2,2,2020-04-17,,
49,Melissa,Matthews,1983-07-16,https://sharepoint.uptime-solutions.com/photos/49.jpg,employee49@uptime-solutions.com,1,1,8,2,1,2025-05-07,,
50,Courtney,Mccall,1977-06-13,https://sharepoint.uptime-solutions.com/photos/50.jpg,employee50@uptime-solutions.com,2,3,14,1,2,2024-10-06,,
51,Samantha,Neal,1999-08-14,https://sharepoint.uptime-solutions.com/photos/51.jpg,employee51@uptime-solutions.com,2,3,12,4,2,2024-03-09,,
52,Matthew,Montgomery,1985-10-13,https://sharepoint.uptime-solutions.com/photos/52.jpg,employee52@uptime-solutions.com,5,7,9,3,2,2022-03-02,,
53,Anthony,Butler,1968-06-17,https://sharepoint.uptime-solutions.com/photos/53.jpg,employee53@uptime-solutions.com,1,1,7,3,2,2020-08-25,,
54,Evelyn,Burton,1999-03-20,https://sharepoint.uptime-solutions.com/photos/54.jpg,employee54@uptime-solutions.com,2,3,4,3,2,2022-12-15,,
55,Angela,Dixon,1986-04-28,https://sharepoint.uptime-solutions.com/photos/55.jpg,employee55@uptime-solutions.com,2,3,19,3,2,2021-12-31,,
56,Cheryl,Branch,1980-08-31,https://sharepoint.uptime-solutions.com/photos/56.jpg,employee56@uptime-solutions.com,4,5,4,1,2,2025-05-20,,
57,Benjamin,Mcdonald,1966-12-04,https://sharepoint.uptime-solutions.com/photos/57.jpg,employee57@uptime-solutions.com,1,1,13,4,3,2026-01-23,2026-04-02,10
58,Tonya,Wilson,1995-06-16,https://sharepoint.uptime-solutions.com/photos/58.jpg,employee58@uptime-solutions.com,1,1,19,3,3,2024-04-01,2026-08-08,14
59,Ronald,Oconnor,1984-11-13,https://sharepoint.uptime-solutions.com/photos/59.jpg,employee59@uptime-solutions.com,5,7,8,2,2,2025-01-09,,
60,Michele,White,1997-12-17,https://sharepoint.uptime-solutions.com/photos/60.jpg,employee60@uptime-solutions.com,3,4,8,1,2,2021-12-05,,
61,Eric,Tanner,1983-06-06,https://sharepoint.uptime-solutions.com/photos/61.jpg,employee61@uptime-solutions.com,5,7,16,2,2,2025-01-12,,
62,Leslie,Carter,1978-05-12,https://sharepoint.uptime-solutions.com/photos/62.jpg,employee62@uptime-solutions.com,5,7,13,2,2,2024-09-14,,
63,Nathaniel,Johnson,1999-03-11,https://sharepoint.uptime-solutions.com/photos/63.jpg,employee63@uptime-solutions.com,2,3,6,2,2,2020-04-03,,
64,Steven,White,1987-02-06,https://sharepoint.uptime-solutions.com/photos/64.jpg,employee64@uptime-solutions.com,1,1,12,1,2,2021-08-23,,
65,Linda,King,1975-08-07,https://sharepoint.uptime-solutions.com/photos/65.jpg,employee65@uptime-solutions.com,1,1,13,3,2,2022-10-23,,
66,James,Romero,1973-06-03,https://sharepoint.uptime-solutions.com/photos/66.jpg,employee66@uptime-solutions.com,5,7,14,2,3,2023-08-17,2026-08-01,7
67,Anne,Stevens,1967-10-05,https://sharepoint.uptime-solutions.com/photos/67.jpg,employee67@uptime-solutions.com,3,4,20,3,2,2022-11-19,,
68,Cindy,Coleman,1979-01-06,https://sharepoint.uptime-solutions.com/photos/68.jpg,employee68@uptime-solutions.com,3,4,14,1,2,2024-02-27,,
69,Nicholas,Hernandez,1985-01-30,https://sharepoint.uptime-solutions.com/photos/69.jpg,employee69@uptime-solutions.com,5,7,6,1,2,2025-10-26,,
70,Luis,Barry,1996-11-16,https://sharepoint.uptime-solutions.com/photos/70.jpg,employee70@uptime-solutions.com,4,6,3,3,2,2025-05-28,,
71,Jocelyn,Walker,1970-09-18,https://sharepoint.uptime-solutions.com/photos/71.jpg,employee71@uptime-solutions.com,1,1,11,1,2,2023-09-17,,
72,Tim,Cook,1987-02-28,https://sharepoint.uptime-solutions.com/photos/72.jpg,employee72@uptime-solutions.com,2,3,16,1,2,2026-07-22,,
73,Mike,Henry,1986-03-30,https://sharepoint.uptime-solutions.com/photos/73.jpg,employee73@uptime-solutions.com,3,4,17,3,2,2021-05-23,,
74,Joanne,Dodson,1969-01-27,https://sharepoint.uptime-solutions.com/photos/74.jpg,employee74@uptime-solutions.com,3,4,11,3,2,2026-04-14,,
75,Jonathan,Santos,1990-03-30,https://sharepoint.uptime-solutions.com/photos/75.jpg,employee75@uptime-solutions.com,1,1,4,3,2,2020-09-01,,
76,Bradley,Clark,1970-09-06,https://sharepoint.uptime-solutions.com/photos/76.jpg,employee76@uptime-solutions.com,2,3,2,4,2,2022-10-05,,
77,Frank,Baker,1967-09-08,https://sharepoint.uptime-solutions.com/photos/77.jpg,employee77@uptime-solutions.com,5,7,18,4,2,2026-03-19,,
78,Daniel,Houston,1975-05-08,https://sharepoint.uptime-solutions.com/photos/78.jpg,employee78@uptime-solutions.com,2,3,6,1,3,2021-11-13,2022-10-20,6
79,Ashley,Ramirez,1971-01-20,https://sharepoint.uptime-solutions.com/photos/79.jpg,employee79@uptime-solutions.com,5,7,19,2,2,2023-10-04,,
80,William,Hancock,1972-03-22,https://sharepoint.uptime-solutions.com/photos/80.jpg,employee80@uptime-solutions.com,5,7,14,3,2,2026-12-21,,
81,Ronald,Dunlap,1977-12-15,https://sharepoint.uptime-solutions.com/photos/81.jpg,employee81@uptime-solutions.com,5,7,15,4,2,2024-06-12,,
82,Claire,Jones,1975-11-06,https://sharepoint.uptime-solutions.com/photos/82.jpg,employee82@uptime-solutions.com,2,3,5,4,2,2021-10-22,,
83,Abigail,Jackson,1983-10-27,https://sharepoint.uptime-solutions.com/photos/83.jpg,employee83@uptime-solutions.com,2,3,13,4,1,2026-08-01,,
84,Raymond,Santos,1986-05-21,https://sharepoint.uptime-solutions.com/photos/84.jpg,employee84@uptime-solutions.com,4,5,4,1,2,2024-05-25,,
85,Lisa,Young,1971-10-23,https://sharepoint.uptime-solutions.com/photos/85.jpg,employee85@uptime-solutions.com,5,7,15,2,2,2026-09-27,,
86,Kimberly,Lee,1999-03-06,https://sharepoint.uptime-solutions.com/photos/86.jpg,employee86@uptime-solutions.com,2,3,20,2,3,2024-04-17,2024-12-20,13
87,Jackie,Carroll,1972-02-08,https://sharepoint.uptime-solutions.com/photos/87.jpg,employee87@uptime-solutions.com,3,4,19,3,1,2025-07-17,,
88,Travis,Sloan,1996-09-12,https://sharepoint.uptime-solutions.com/photos/88.jpg,employee88@uptime-solutions.com,2,3,4,2,2,2021-01-01,,
89,Ruben,Summers,1972-03-07,https://sharepoint.uptime-solutions.com/photos/89.jpg,employee89@uptime-solutions.com,1,1,4,4,2,2024-10-29,,
90,Sharon,Hunter,1999-11-12,https://sharepoint.uptime-solutions.com/photos/90.jpg,employee90@uptime-solutions.com,3,4,7,4,2,2022-09-30,,
91,Kevin,Hall,1965-06-22,https://sharepoint.uptime-solutions.com/photos/91.jpg,employee91@uptime-solutions.com,5,7,9,2,2,2026-11-11,,
92,Ashlee,Roberts,1976-08-06,https://sharepoint.uptime-solutions.com/photos/92.jpg,employee92@uptime-solutions.com,3,4,7,1,1,2025-09-29,,
93,Denise,Pruitt,1978-04-18,https://sharepoint.uptime-solutions.com/photos/93.jpg,employee93@uptime-solutions.com,4,6,9,4,2,2026-03-10,,
94,Lisa,Marsh,1967-05-27,https://sharepoint.uptime-solutions.com/photos/94.jpg,employee94@uptime-solutions.com,1,2,9,1,2,2026-12-31,,
95,Stephanie,Anthony,1992-01-09,https://sharepoint.uptime-solutions.com/photos/95.jpg,employee95@uptime-solutions.com,3,4,11,1,2,2023-07-11,,
96,Courtney,Martin,1996-11-11,https://sharepoint.uptime-solutions.com/photos/96.jpg,employee96@uptime-solutions.com,1,1,11,1,2,2021-02-21,,
97,Michael,Henry,1983-05-23,https://sharepoint.uptime-solutions.com/photos/97.jpg,employee97@uptime-solutions.com,1,2,2,2,2,2026-01-13,,
98,Jeff,Hart,1977-02-20,https://sharepoint.uptime-solutions.com/photos/98.jpg,employee98@uptime-solutions.com,1,2,14,2,2,2025-09-08,,
99,Sharon,Johnson,1986-05-22,https://sharepoint.uptime-solutions.com/photos/99.jpg,employee99@uptime-solutions.com,1,1,13,4,2,2024-08-23,,
100,Courtney,Smith,1973-03-11,https://sharepoint.uptime-solutions.com/photos/100.jpg,employee100@uptime-solutions.com,3,4,9,1,2,2020-03-13,,
101,William,Oconnor,1965-12-26,https://sharepoint.uptime-solutions.com/photos/101.jpg,employee101@uptime-solutions.com,1,1,20,2,2,2026-10-05,,
102,Andrew,Hamilton,1998-12-19,https://sharepoint.uptime-solutions.com/photos/102.jpg,employee102@uptime-solutions.com,1,1,3,3,2,2026-06-21,,
103,Derek,Martinez,1965-11-02,https://sharepoint.uptime-solutions.com/photos/103.jpg,employee103@uptime-solutions.com,3,4,6,1,2,2025-11-22,,
104,Justin,Hernandez,1996-02-18,https://sharepoint.uptime-solutions.com/photos/104.jpg,employee104@uptime-solutions.com,3,4,1,1,2,2023-02-09,,
105,Billy,Patton,1980-12-27,https://sharepoint.uptime-solutions.com/photos/105.jpg,employee105@uptime-solutions.com,5,7,2,3,2,2020-06-17,,
106,Thomas,Gibson,1983-04-26,https://sharepoint.uptime-solutions.com/photos/106.jpg,employee106@uptime-solutions.com,4,5,7,1,2,2024-02-25,,
107,Richard,Chan,1986-07-19,https://sharepoint.uptime-solutions.com/photos/107.jpg,employee107@uptime-solutions.com,4,5,4,1,3,2021-12-11,2025-02-26,14
108,Shelia,Beard,1974-06-16,https://sharepoint.uptime-solutions.com/photos/108.jpg,employee108@uptime-solutions.com,3,4,5,1,2,2023-03-18,,
109,Aaron,Oneal,1973-03-02,https://sharepoint.uptime-solutions.com/photos/109.jpg,employee109@uptime-solutions.com,3,4,15,1,2,2024-06-22,,
110,Leonard,West,1998-01-18,https://sharepoint.uptime-solutions.com/photos/110.jpg,employee110@uptime-solutions.com,4,6,6,4,2,2025-08-12,,
111,Amy,Mitchell,1996-12-15,https://sharepoint.uptime-solutions.com/photos/111.jpg,employee111@uptime-solutions.com,5,7,12,4,2,2026-06-20,,
112,Elizabeth,White,1969-06-12,https://sharepoint.uptime-solutions.com/photos/112.jpg,employee112@uptime-solutions.com,3,4,16,3,2,2024-11-04,,
113,Ellen,Bailey,1974-01-20,https://sharepoint.uptime-solutions.com/photos/113.jpg,employee113@uptime-solutions.com,1,1,20,4,2,2020-09-12,,
114,Antonio,Horn,1979-10-21,https://sharepoint.uptime-solutions.com/photos/114.jpg,employee114@uptime-solutions.com,3,4,15,4,3,2026-12-10,2026-12-18,6
115,Kevin,Simon,1992-11-27,https://sharepoint.uptime-solutions.com/photos/115.jpg,employee115@uptime-solutions.com,1,2,3,3,2,2020-07-04,,
116,Nicole,Brown,1978-04-29,https://sharepoint.uptime-solutions.com/photos/116.jpg,employee116@uptime-solutions.com,1,2,4,1,2,2026-03-18,,
117,David,Hughes,1984-03-19,https://sharepoint.uptime-solutions.com/photos/117.jpg,employee117@uptime-solutions.com,1,2,18,3,2,2026-11-28,,
118,Anita,Davis,1988-05-13,https://sharepoint.uptime-solutions.com/photos/118.jpg,employee118@uptime-solutions.com,4,5,10,3,1,2023-08-13,,
119,Tamara,Gould,1972-12-27,https://sharepoint.uptime-solutions.com/photos/119.jpg,employee119@uptime-solutions.com,1,2,7,2,2,2021-02-06,,
120,Emily,Long,1973-11-17,https://sharepoint.uptime-solutions.com/photos/120.jpg,employee120@uptime-solutions.com,4,6,9,2,2,2020-08-15,,
121,Melissa,Torres,1997-08-31,https://sharepoint.uptime-solutions.com/photos/121.jpg,employee121@uptime-solutions.com,2,3,14,3,1,2025-10-16,,
122,Jared,Holt,1987-05-30,https://sharepoint.uptime-solutions.com/photos/122.jpg,employee122@uptime-solutions.com,1,2,6,4,2,2026-08-10,,
123,Kelsey,Heath,1983-08-04,https://sharepoint.uptime-solutions.com/photos/123.jpg,employee123@uptime-solutions.com,4,6,7,4,2,2023-11-05,,
124,Brian,Sanchez,1973-12-05,https://sharepoint.uptime-solutions.com/photos/124.jpg,employee124@uptime-solutions.com,4,6,17,3,2,2020-05-08,,
125,Roberto,Sanchez,1982-03-23,https://sharepoint.uptime-solutions.com/photos/125.jpg,employee125@uptime-solutions.com,5,7,12,2,2,2024-11-10,,
126,Joshua,Stanley,1980-01-05,https://sharepoint.uptime-solutions.com/photos/126.jpg,employee126@uptime-solutions.com,5,7,1,3,2,2025-05-03,,
127,Tanya,Jimenez,1966-06-30,https://sharepoint.uptime-solutions.com/photos/127.jpg,employee127@uptime-solutions.com,5,7,19,3,1,2024-10-23,,
128,Deborah,Lane,1979-03-13,https://sharepoint.uptime-solutions.com/photos/128.jpg,employee128@uptime-solutions.com,1,1,14,3,2,2024-02-12,,
129,Darren,Curry,1981-11-04,https://sharepoint.uptime-solutions.com/photos/129.jpg,employee129@uptime-solutions.com,3,4,15,1,1,2026-05-30,,
130,Stephanie,Murphy,1991-09-09,https://sharepoint.uptime-solutions.com/photos/130.jpg,employee130@uptime-solutions.com,1,1,2,1,2,2026-09-14,,
131,Paula,Wood,1987-09-12,https://sharepoint.uptime-solutions.com/photos/131.jpg,employee131@uptime-solutions.com,3,4,8,3,2,2024-06-28,,
132,Anthony,Shelton,1981-05-12,https://sharepoint.uptime-solutions.com/photos/132.jpg,employee132@uptime-solutions.com,2,3,10,2,2,2026-01-22,,
133,Daniel,Green,1983-11-03,https://sharepoint.uptime-solutions.com/photos/133.jpg,employee133@uptime-solutions.com,4,6,9,1,3,2023-03-05,2026-02-26,1
134,Samantha,Hill,1996-11-26,https://sharepoint.uptime-solutions.com/photos/134.jpg,employee134@uptime-solutions.com,5,7,17,4,1,2024-03-28,,
135,Donald,Johnson,1989-06-28,https://sharepoint.uptime-solutions.com/photos/135.jpg,employee135@uptime-solutions.com,1,2,6,2,3,2022-08-25,2025-07-05,4
136,Aaron,Kim,1991-07-12,https://sharepoint.uptime-solutions.com/photos/136.jpg,employee136@uptime-solutions.com,2,3,10,3,2,2021-03-17,,
137,Ashley,Mccann,1996-07-12,https://sharepoint.uptime-solutions.com/photos/137.jpg,employee137@uptime-solutions.com,1,2,2,2,1,2026-11-02,,
138,Jocelyn,Clarke,1978-06-21,https://sharepoint.uptime-solutions.com/photos/138.jpg,employee138@uptime-solutions.com,2,3,12,1,3,2023-02-07,2026-06-01,3
139,Danielle,Wagner,1979-02-05,https://sharepoint.uptime-solutions.com/photos/139.jpg,employee139@uptime-solutions.com,3,4,7,4,2,2024-07-07,,
140,Tyler,Taylor,1996-07-05,https://sharepoint.uptime-solutions.com/photos/140.jpg,employee140@uptime-solutions.com,5,7,5,1,3,2025-10-19,2026-02-01,5
141,Daniel,Lamb,1981-02-20,https://sharepoint.uptime-solutions.com/photos/141.jpg,employee141@uptime-solutions.com,1,1,19,2,1,2023-03-20,,
142,Kimberly,Bradley,1969-08-30,https://sharepoint.uptime-solutions.com/photos/142.jpg,employee142@uptime-solutions.com,3,4,13,3,2,2021-04-30,,
143,Alexandra,Weaver,1975-05-10,https://sharepoint.uptime-solutions.com/photos/143.jpg,employee143@uptime-solutions.com,5,7,6,4,2,2023-11-18,,
144,John,Buchanan,1993-10-10,https://sharepoint.uptime-solutions.com/photos/144.jpg,employee144@uptime-solutions.com,4,5,12,2,2,2024-08-14,,
145,Carla,Collins,1975-04-18,https://sharepoint.uptime-solutions.com/photos/145.jpg,employee145@uptime-solutions.com,1,1,11,4,2,2022-05-01,,
146,Gabriel,Baldwin,1979-04-14,https://sharepoint.uptime-solutions.com/photos/146.jpg,employee146@uptime-solutions.com,5,7,14,2,1,2020-02-18,,
147,Kimberly,Curry,1975-01-26,https://sharepoint.uptime-solutions.com/photos/147.jpg,employee147@uptime-solutions.com,2,3,18,2,2,2023-10-23,,
148,Thomas,Wyatt,1995-09-15,https://sharepoint.uptime-solutions.com/photos/148.jpg,employee148@uptime-solutions.com,1,2,12,2,3,2025-10-05,2025-10-20,5
149,Kelly,Wu,1981-02-28,https://sharepoint.uptime-solutions.com/photos/149.jpg,employee149@uptime-solutions.com,3,4,10,4,3,2022-04-20,2025-01-08,5
150,Kenneth,Fields,1978-11-06,https://sharepoint.uptime-solutions.com/photos/150.jpg,employee150@uptime-solutions.com,4,5,9,4,3,2021-01-23,2021-09-30,8
151,Chad,Richardson,1991-11-06,https://sharepoint.uptime-solutions.com/photos/151.jpg,employee151@uptime-solutions.com,4,5,19,4,2,2022-05-22,,
152,Kenneth,Henderson,1965-12-21,https://sharepoint.uptime-solutions.com/photos/152.jpg,employee152@uptime-solutions.com,4,6,5,2,2,2024-05-08,,
153,John,Martin,1979-07-25,https://sharepoint.uptime-solutions.com/photos/153.jpg,employee153@uptime-solutions.com,2,3,18,2,2,2023-03-12,,
154,Deborah,Baker,1969-09-14,https://sharepoint.uptime-solutions.com/photos/154.jpg,employee154@uptime-solutions.com,5,7,4,2,2,2025-05-15,,
155,Michele,Austin,1999-06-10,https://sharepoint.uptime-solutions.com/photos/155.jpg,employee155@uptime-solutions.com,4,6,7,1,1,2020-04-11,,
156,Deanna,Meyers,1986-12-02,https://sharepoint.uptime-solutions.com/photos/156.jpg,employee156@uptime-solutions.com,2,3,2,2,2,2020-06-15,,
157,David,Adkins,1975-02-18,https://sharepoint.uptime-solutions.com/photos/157.jpg,employee157@uptime-solutions.com,5,7,12,3,2,2023-04-13,,
158,Matthew,Snyder,1972-05-09,https://sharepoint.uptime-solutions.com/photos/158.jpg,employee158@uptime-solutions.com,5,7,16,1,1,2022-04-08,,
159,Eric,Avila,1999-07-19,https://sharepoint.uptime-solutions.com/photos/159.jpg,employee159@uptime-solutions.com,3,4,15,1,2,2022-06-21,,
160,Anna,Ali,1972-08-29,https://sharepoint.uptime-solutions.com/photos/160.jpg,employee160@uptime-solutions.com,3,4,20,3,2,2024-06-17,,
161,Kim,Anderson,1968-07-22,https://sharepoint.uptime-solutions.com/photos/161.jpg,employee161@uptime-solutions.com,2,3,3,2,2,2024-06-08,,
162,Rachel,Bailey,1995-12-13,https://sharepoint.uptime-solutions.com/photos/162.jpg,employee162@uptime-solutions.com,5,7,3,1,1,2023-03-29,,
163,Tammy,Gay,2000-11-18,https://sharepoint.uptime-solutions.com/photos/163.jpg,employee163@uptime-solutions.com,3,4,11,2,2,2020-11-13,,
164,James,Brown,1989-08-06,https://sharepoint.uptime-solutions.com/photos/164.jpg,employee164@uptime-solutions.com,5,7,4,2,2,2022-08-22,,
165,Ralph,Barron,1973-08-25,https://sharepoint.uptime-solutions.com/photos/165.jpg,employee165@uptime-solutions.com,5,7,1,1,2,2026-02-23,,
166,Kimberly,Hoover,1991-02-25,https://sharepoint.uptime-solutions.com/photos/166.jpg,employee166@uptime-solutions.com,2,3,7,1,3,2025-11-15,2026-01-08,12
167,Christopher,Vance,1980-07-16,https://sharepoint.uptime-solutions.com/photos/167.jpg,employee167@uptime-solutions.com,5,7,12,3,2,2020-09-17,,
168,Tammy,Macias,1997-07-28,https://sharepoint.uptime-solutions.com/photos/168.jpg,employee168@uptime-solutions.com,5,7,15,4,2,2026-10-29,,
169,John,Warner,1991-05-24,https://sharepoint.uptime-solutions.com/photos/169.jpg,employee169@uptime-solutions.com,3,4,14,3,2,2020-01-29,,
170,Michelle,Kirby,1979-12-06,https://sharepoint.uptime-solutions.com/photos/170.jpg,employee170@uptime-solutions.com,4,6,10,2,2,2022-09-10,,
171,Derek,Stewart,1975-11-05,https://sharepoint.uptime-solutions.com/photos/171.jpg,employee171@uptime-solutions.com,5,7,9,2,2,2023-01-01,,
172,Rachel,Smith,1994-06-04,https://sharepoint.uptime-solutions.com/photos/172.jpg,employee172@uptime-solutions.com,4,6,4,1,2,2023-07-13,,
173,Erin,Grant,1999-04-04,https://sharepoint.uptime-solutions.com/photos/173.jpg,employee173@uptime-solutions.com,1,2,4,3,3,2020-01-28,2022-08-24,10
174,Richard,Mckinney,1971-07-28,https://sharepoint.uptime-solutions.com/photos/174.jpg,employee174@uptime-solutions.com,5,7,2,1,1,2023-07-28,,
175,Frank,Rodriguez,1990-06-20,https://sharepoint.uptime-solutions.com/photos/175.jpg,employee175@uptime-solutions.com,4,6,7,3,2,2020-02-21,,
176,Jerome,Raymond,1981-12-17,https://sharepoint.uptime-solutions.com/photos/176.jpg,employee176@uptime-solutions.com,2,3,9,2,2,2020-03-27,,
177,Sean,Frost,1967-06-25,https://sharepoint.uptime-solutions.com/photos/177.jpg,employee177@uptime-solutions.com,2,3,4,2,2,2024-12-22,,
178,Michelle,Brewer,1970-05-15,https://sharepoint.uptime-solutions.com/photos/178.jpg,employee178@uptime-solutions.com,5,7,5,4,2,2021-04-03,,
179,Austin,Bates,1966-09-13,https://sharepoint.uptime-solutions.com/photos/179.jpg,employee179@uptime-solutions.com,1,2,19,2,1,2023-11-06,,
180,James,Stokes,1986-12-07,https://sharepoint.uptime-solutions.com/photos/180.jpg,employee180@uptime-solutions.com,3,4,2,2,2,2025-01-22,,
181,Gregory,Davis,1972-11-04,https://sharepoint.uptime-solutions.com/photos/181.jpg,employee181@uptime-solutions.com,4,6,6,2,2,2020-11-26,,
182,Karen,Donaldson,1987-10-05,https://sharepoint.uptime-solutions.com/photos/182.jpg,employee182@uptime-solutions.com,3,4,19,4,2,2023-05-21,,
183,Erica,Moore,1983-07-16,https://sharepoint.uptime-solutions.com/photos/183.jpg,employee183@uptime-solutions.com,3,4,11,4,2,2020-08-28,,
184,Benjamin,Cox,1986-07-08,https://sharepoint.uptime-solutions.com/photos/184.jpg,employee184@uptime-solutions.com,4,6,13,2,2,2025-11-01,,
185,Carol,Marshall,1987-12-02,https://sharepoint.uptime-solutions.com/photos/185.jpg,employee185@uptime-solutions.com,3,4,20,3,3,2024-08-14,2024-12-22,14
186,Justin,King,1977-04-23,https://sharepoint.uptime-solutions.com/photos/186.jpg,employee186@uptime-solutions.com,1,2,7,2,3,2021-06-08,2022-11-30,8
187,Joshua,Thompson,2000-01-01,https://sharepoint.uptime-solutions.com/photos/187.jpg,employee187@uptime-solutions.com,2,3,19,2,2,2025-10-04,,
188,Christopher,Wallace,1995-05-24,https://sharepoint.uptime-solutions.com/photos/188.jpg,employee188@uptime-solutions.com,5,7,8,4,2,2021-03-23,,
189,Glenn,Williams,1996-03-17,https://sharepoint.uptime-solutions.com/photos/189.jpg,employee189@uptime-solutions.com,1,2,19,2,2,2023-01-02,,
190,Judy,Benton,1977-07-07,https://sharepoint.uptime-solutions.com/photos/190.jpg,employee190@uptime-solutions.com,4,5,17,4,2,2024-12-28,,
191,Matthew,Jacobson,1984-07-15,https://sharepoint.uptime-solutions.com/photos/191.jpg,employee191@uptime-solutions.com,5,7,3,3,2,2021-12-12,,
192,Brenda,Brooks,1972-04-14,https://sharepoint.uptime-solutions.com/photos/192.jpg,employee192@uptime-solutions.com,1,2,17,1,2,2026-05-28,,
193,Amanda,Jordan,1986-03-10,https://sharepoint.uptime-solutions.com/photos/193.jpg,employee193@uptime-solutions.com,2,3,15,2,2,2026-02-25,,
194,Robert,Lopez,1998-05-04,https://sharepoint.uptime-solutions.com/photos/194.jpg,employee194@uptime-solutions.com,5,7,3,4,3,2021-12-31,2022-06-27,1
195,Danielle,Price,1973-04-27,https://sharepoint.uptime-solutions.com/photos/195.jpg,employee195@uptime-solutions.com,3,4,1,2,2,2021-06-26,,
196,Melissa,Allen,1977-09-23,https://sharepoint.uptime-solutions.com/photos/196.jpg,employee196@uptime-solutions.com,2,3,7,1,2,2024-06-07,,
197,Michael,Bennett,1990-06-10,https://sharepoint.uptime-solutions.com/photos/197.jpg,employee197@uptime-solutions.com,4,6,9,2,2,2026-07-26,,
198,David,Martinez,1971-09-27,https://sharepoint.uptime-solutions.com/photos/198.jpg,employee198@uptime-solutions.com,5,7,13,2,2,2024-04-05,,
199,Jordan,Ramos,1966-11-04,https://sharepoint.uptime-solutions.com/photos/199.jpg,employee199@uptime-solutions.com,4,6,6,3,2,2022-08-28,,
200,Antonio,Greer,1979-11-08,https://sharepoint.uptime-solutions.com/photos/200.jpg,employee200@uptime-solutions.com,3,4,11,4,2,2025-06-23,,
201,Kevin,Brown,1968-04-24,https://sharepoint.uptime-solutions.com/photos/201.jpg,employee201@uptime-solutions.com,2,3,4,2,3,2020-02-06,2022-07-28,3
202,Anthony,Anderson,1983-08-15,https://sharepoint.uptime-solutions.com/photos/202.jpg,employee202@uptime-solutions.com,5,7,20,4,1,2025-10-09,,
203,Monique,Fowler,1986-06-08,https://sharepoint.uptime-solutions.com/photos/203.jpg,employee203@uptime-solutions.com,3,4,20,2,2,2023-05-15,,
204,Jonathan,Gibson,1976-03-10,https://sharepoint.uptime-solutions.com/photos/204.jpg,employee204@uptime-solutions.com,5,7,17,1,2,2024-03-31,,
205,Terri,Newman,1995-05-12,https://sharepoint.uptime-solutions.com/photos/205.jpg,employee205@uptime-solutions.com,2,3,18,3,3,2021-11-16,2023-11-27,9
206,Kaitlin,Garner,1971-07-16,https://sharepoint.uptime-solutions.com/photos/206.jpg,employee206@uptime-solutions.com,5,7,20,2,2,2026-10-16,,
207,Heather,Williams,1986-11-21,https://sharepoint.uptime-solutions.com/photos/207.jpg,employee207@uptime-solutions.com,4,6,19,2,2,2021-07-01,,
208,Crystal,Smith,2000-08-22,https://sharepoint.uptime-solutions.com/photos/208.jpg,employee208@uptime-solutions.com,3,4,17,1,2,2026-08-27,,
209,Nathan,Robertson,1986-01-03,https://sharepoint.uptime-solutions.com/photos/209.jpg,employee209@uptime-solutions.com,2,3,15,2,3,2020-07-28,2025-12-25,10
210,Kathy,Mendoza,2000-12-31,https://sharepoint.uptime-solutions.com/photos/210.jpg,employee210@uptime-solutions.com,2,3,9,4,1,2023-07-30,,
211,Erin,Roberson,1975-10-18,https://sharepoint.uptime-solutions.com/photos/211.jpg,employee211@uptime-solutions.com,1,2,11,2,2,2025-02-13,,
212,Brian,Hart,1969-04-30,https://sharepoint.uptime-solutions.com/photos/212.jpg,employee212@uptime-solutions.com,4,5,20,2,2,2025-09-20,,
213,Joshua,Thomas,1975-03-17,https://sharepoint.uptime-solutions.com/photos/213.jpg,employee213@uptime-solutions.com,1,2,6,3,2,2021-07-22,,
214,Amy,Avila,1985-04-28,https://sharepoint.uptime-solutions.com/photos/214.jpg,employee214@uptime-solutions.com,1,2,16,3,2,2026-03-17,,
215,Kyle,Montoya,1969-09-22,https://sharepoint.uptime-solutions.com/photos/215.jpg,employee215@uptime-solutions.com,3,4,19,4,2,2023-12-12,,
216,Jeffrey,Brooks,1965-11-14,https://sharepoint.uptime-solutions.com/photos/216.jpg,employee216@uptime-solutions.com,5,7,2,1,2,2026-04-01,,
217,Patricia,Meyer,1966-10-31,https://sharepoint.uptime-solutions.com/photos/217.jpg,employee217@uptime-solutions.com,4,6,10,1,2,2022-05-05,,
218,Melissa,Davis,1986-08-23,https://sharepoint.uptime-solutions.com/photos/218.jpg,employee218@uptime-solutions.com,4,6,5,1,2,2020-09-06,,
219,Patricia,Davis,1981-09-18,https://sharepoint.uptime-solutions.com/photos/219.jpg,employee219@uptime-solutions.com,4,6,1,1,2,2020-06-12,,
220,Mark,Welch,1990-09-06,https://sharepoint.uptime-solutions.com/photos/220.jpg,employee220@uptime-solutions.com,4,6,8,4,2,2021-09-30,,
221,Jeremy,Salazar,1975-03-10,https://sharepoint.uptime-solutions.com/photos/221.jpg,employee221@uptime-solutions.com,3,4,2,4,2,2025-03-05,,
222,Brandon,Armstrong,1997-03-17,https://sharepoint.uptime-solutions.com/photos/222.jpg,employee222@uptime-solutions.com,4,6,14,1,2,2020-02-22,,
223,Thomas,Wagner,1978-01-25,https://sharepoint.uptime-solutions.com/photos/223.jpg,employee223@uptime-solutions.com,1,2,10,4,2,2021-09-24,,
224,Sara,Jackson,1993-07-17,https://sharepoint.uptime-solutions.com/photos/224.jpg,employee224@uptime-solutions.com,4,5,2,2,2,2021-04-30,,
225,Robert,Freeman,1988-07-11,https://sharepoint.uptime-solutions.com/photos/225.jpg,employee225@uptime-solutions.com,1,2,5,3,3,2024-09-19,2026-02-19,13
226,Derek,Simon,1973-08-29,https://sharepoint.uptime-solutions.com/photos/226.jpg,employee226@uptime-solutions.com,2,3,12,3,2,2023-01-05,,
227,Charles,Jennings,1968-05-27,https://sharepoint.uptime-solutions.com/photos/227.jpg,employee227@uptime-solutions.com,1,1,12,2,2,2020-04-17,,
228,Samuel,Rodriguez,1990-05-06,https://sharepoint.uptime-solutions.com/photos/228.jpg,employee228@uptime-solutions.com,1,2,18,4,2,2025-01-14,,
229,Oscar,English,1972-01-25,https://sharepoint.uptime-solutions.com/photos/229.jpg,employee229@uptime-solutions.com,4,6,19,1,2,2023-12-11,,
230,Laurie,Morton,1984-05-28,https://sharepoint.uptime-solutions.com/photos/230.jpg,employee230@uptime-solutions.com,3,4,18,2,2,2023-08-03,,
231,Jonathan,Randall,1986-09-19,https://sharepoint.uptime-solutions.com/photos/231.jpg,employee231@uptime-solutions.com,3,4,17,3,2,2024-04-06,,
232,Jennifer,Hunter,1996-05-13,https://sharepoint.uptime-solutions.com/photos/232.jpg,employee232@uptime-solutions.com,2,3,4,3,3,2024-09-06,2025-01-15,12
233,Erin,Branch,1982-06-02,https://sharepoint.uptime-solutions.com/photos/233.jpg,employee233@uptime-solutions.com,2,3,19,4,1,2026-12-10,,
234,Sarah,Floyd,1985-12-10,https://sharepoint.uptime-solutions.com/photos/234.jpg,employee234@uptime-solutions.com,5,7,6,2,1,2025-01-04,,
235,Tracy,Guzman,1999-09-25,https://sharepoint.uptime-solutions.com/photos/235.jpg,employee235@uptime-solutions.com,1,2,20,3,2,2021-07-07,,
236,David,Sanchez,2000-11-17,https://sharepoint.uptime-solutions.com/photos/236.jpg,employee236@uptime-solutions.com,1,2,9,3,2,2021-05-02,,
237,Christopher,Thornton,1970-10-24,https://sharepoint.uptime-solutions.com/photos/237.jpg,employee237@uptime-solutions.com,2,3,5,1,3,2026-05-27,2026-07-14,8
238,Katherine,Moore,1979-05-10,https://sharepoint.uptime-solutions.com/photos/238.jpg,employee238@uptime-solutions.com,5,7,2,2,2,2021-12-14,,
239,Shannon,Padilla,1976-09-01,https://sharepoint.uptime-solutions.com/photos/239.jpg,employee239@uptime-solutions.com,4,5,3,1,2,2022-05-30,,
240,Katie,Johnson,1977-03-06,https://sharepoint.uptime-solutions.com/photos/240.jpg,employee240@uptime-solutions.com,5,7,16,1,2,2024-11-10,,
241,Gregory,Morgan,1996-09-27,https://sharepoint.uptime-solutions.com/photos/241.jpg,employee241@uptime-solutions.com,2,3,3,4,2,2021-08-22,,
242,Heather,Yang,1999-02-02,https://sharepoint.uptime-solutions.com/photos/242.jpg,employee242@uptime-solutions.com,2,3,8,3,1,2022-05-23,,
243,Donald,Mclaughlin,1969-04-11,https://sharepoint.uptime-solutions.com/photos/243.jpg,employee243@uptime-solutions.com,5,7,13,2,2,2020-11-30,,
244,Dana,Rivera,1972-03-20,https://sharepoint.uptime-solutions.com/photos/244.jpg,employee244@uptime-solutions.com,5,7,12,1,1,2023-01-30,,
245,William,Mcclure,1986-11-23,https://sharepoint.uptime-solutions.com/photos/245.jpg,employee245@uptime-solutions.com,1,1,1,4,2,2026-06-06,,
246,Amy,Rasmussen,2000-08-24,https://sharepoint.uptime-solutions.com/photos/246.jpg,employee246@uptime-solutions.com,4,5,12,4,1,2021-08-28,,
247,Brandon,Hopkins,1982-07-15,https://sharepoint.uptime-solutions.com/photos/247.jpg,employee247@uptime-solutions.com,3,4,14,2,1,2026-05-27,,
248,Juan,Melton,1982-11-06,https://sharepoint.uptime-solutions.com/photos/248.jpg,employee248@uptime-solutions.com,2,3,10,3,2,2026-04-02,,
249,Meghan,Williams,1967-07-07,https://sharepoint.uptime-solutions.com/photos/249.jpg,employee249@uptime-solutions.com,5,7,14,3,2,2024-07-22,,
250,Cathy,Ward,1972-12-05,https://sharepoint.uptime-solutions.com/photos/250.jpg,employee250@uptime-solutions.com,4,6,2,3,1,2023-04-10,,
251,Michael,Smith,1986-08-18,https://sharepoint.uptime-solutions.com/photos/251.jpg,employee251@uptime-solutions.com,2,3,11,3,2,2021-06-02,,
252,Vickie,Stevens,1970-09-10,https://sharepoint.uptime-solutions.com/photos/252.jpg,employee252@uptime-solutions.com,5,7,16,1,2,2026-06-29,,
253,David,Kelly,1995-09-28,https://sharepoint.uptime-solutions.com/photos/253.jpg,employee253@uptime-solutions.com,1,2,20,1,1,2026-05-24,,
254,Madison,Rodriguez,1994-03-15,https://sharepoint.uptime-solutions.com/photos/254.jpg,employee254@uptime-solutions.com,1,1,6,2,2,2023-09-03,,
255,Jerome,Acevedo,1993-04-29,https://sharepoint.uptime-solutions.com/photos/255.jpg,employee255@uptime-solutions.com,3,4,14,3,2,2026-02-15,,
256,Denise,Powell,1980-08-24,https://sharepoint.uptime-solutions.com/photos/256.jpg,employee256@uptime-solutions.com,1,1,2,1,3,2025-03-15,2025-05-09,5
257,Steven,Santos,1989-12-10,https://sharepoint.uptime-solutions.com/photos/257.jpg,employee257@uptime-solutions.com,4,6,13,1,2,2024-01-02,,
258,Bill,Johnson,1999-07-17,https://sharepoint.uptime-solutions.com/photos/258.jpg,employee258@uptime-solutions.com,1,1,14,3,2,2021-12-22,,
259,Ashley,Holloway,1970-05-24,https://sharepoint.uptime-solutions.com/photos/259.jpg,employee259@uptime-solutions.com,4,6,9,2,2,2022-07-19,,
260,Jeremy,Cooper,1988-03-11,https://sharepoint.uptime-solutions.com/photos/260.jpg,employee260@uptime-solutions.com,2,3,8,3,2,2025-10-19,,
261,Monica,Mcbride,1974-06-06,https://sharepoint.uptime-solutions.com/photos/261.jpg,employee261@uptime-solutions.com,3,4,9,1,1,2025-05-02,,
262,Carol,Cook,1977-01-02,https://sharepoint.uptime-solutions.com/photos/262.jpg,employee262@uptime-solutions.com,2,3,9,2,2,2025-11-22,,
263,John,Hoffman,1978-01-29,https://sharepoint.uptime-solutions.com/photos/263.jpg,employee263@uptime-solutions.com,5,7,12,3,2,2025-07-30,,
264,Jeffrey,Tate,1982-05-23,https://sharepoint.uptime-solutions.com/photos/264.jpg,employee264@uptime-solutions.com,3,4,14,4,2,2022-02-14,,
265,William,Decker,1977-07-30,https://sharepoint.uptime-solutions.com/photos/265.jpg,employee265@uptime-solutions.com,2,3,2,3,1,2021-04-12,,
266,Matthew,Alvarado,1999-09-03,https://sharepoint.uptime-solutions.com/photos/266.jpg,employee266@uptime-solutions.com,4,6,9,4,2,2023-07-13,,
267,Melissa,Olsen,1976-10-07,https://sharepoint.uptime-solutions.com/photos/267.jpg,employee267@uptime-solutions.com,4,6,2,3,2,2022-04-27,,
268,Megan,Hernandez,1965-01-13,https://sharepoint.uptime-solutions.com/photos/268.jpg,employee268@uptime-solutions.com,3,4,15,1,2,2026-04-02,,
269,Savannah,Rodriguez,1971-09-27,https://sharepoint.uptime-solutions.com/photos/269.jpg,employee269@uptime-solutions.com,2,3,19,1,2,2020-10-10,,
270,Angela,Lynch,1979-02-11,https://sharepoint.uptime-solutions.com/photos/270.jpg,employee270@uptime-solutions.com,4,6,9,2,2,2026-05-31,,
271,Dwayne,Parks,1994-10-20,https://sharepoint.uptime-solutions.com/photos/271.jpg,employee271@uptime-solutions.com,5,7,17,1,2,2025-07-24,,
272,Pamela,Henderson,1997-02-03,https://sharepoint.uptime-solutions.com/photos/272.jpg,employee272@uptime-solutions.com,2,3,12,3,2,2020-05-25,,
273,Tyler,Castillo,1990-02-15,https://sharepoint.uptime-solutions.com/photos/273.jpg,employee273@uptime-solutions.com,3,4,1,4,2,2023-10-31,,
274,Joshua,Reid,1965-12-04,https://sharepoint.uptime-solutions.com/photos/274.jpg,employee274@uptime-solutions.com,4,6,10,2,1,2026-06-04,,
275,Andrew,Wagner,1991-05-31,https://sharepoint.uptime-solutions.com/photos/275.jpg,employee275@uptime-solutions.com,5,7,16,2,2,2020-08-11,,
276,Carlos,Flores,1975-03-27,https://sharepoint.uptime-solutions.com/photos/276.jpg,employee276@uptime-solutions.com,1,1,4,2,2,2022-09-05,,
277,Amy,Higgins,1973-04-03,https://sharepoint.uptime-solutions.com/photos/277.jpg,employee277@uptime-solutions.com,3,4,3,2,2,2023-10-13,,
278,Ryan,Herrera,1983-04-05,https://sharepoint.uptime-solutions.com/photos/278.jpg,employee278@uptime-solutions.com,1,2,5,3,3,2021-08-02,2021-08-02,4
279,Jill,Johnson,1981-01-06,https://sharepoint.uptime-solutions.com/photos/279.jpg,employee279@uptime-solutions.com,1,2,5,3,2,2021-03-30,,
280,Pamela,Smith,1969-04-03,https://sharepoint.uptime-solutions.com/photos/280.jpg,employee280@uptime-solutions.com,5,7,2,1,3,2021-05-30,2025-02-15,6
281,Justin,Long,1982-05-29,https://sharepoint.uptime-solutions.com/photos/281.jpg,employee281@uptime-solutions.com,1,2,4,2,2,2024-09-04,,
282,Andrew,Gutierrez,1967-03-02,https://sharepoint.uptime-solutions.com/photos/282.jpg,employee282@uptime-solutions.com,1,2,16,1,2,2020-12-15,,
283,Cheryl,Mckinney,1981-09-01,https://sharepoint.uptime-solutions.com/photos/283.jpg,employee283@uptime-solutions.com,4,6,5,4,1,2023-09-11,,
284,Shirley,Flores,1979-08-31,https://sharepoint.uptime-solutions.com/photos/284.jpg,employee284@uptime-solutions.com,5,7,14,4,2,2026-02-04,,
285,Thomas,Washington,1993-10-11,https://sharepoint.uptime-solutions.com/photos/285.jpg,employee285@uptime-solutions.com,5,7,8,2,2,2024-07-17,,
286,Sandra,Wilson,1966-08-14,https://sharepoint.uptime-solutions.com/photos/286.jpg,employee286@uptime-solutions.com,2,3,9,2,2,2023-09-29,,
287,Christopher,Owens,1972-12-03,https://sharepoint.uptime-solutions.com/photos/287.jpg,employee287@uptime-solutions.com,5,7,4,4,2,2026-04-02,,
288,Kenneth,Cervantes,1993-11-09,https://sharepoint.uptime-solutions.com/photos/288.jpg,employee288@uptime-solutions.com,1,2,5,1,2,2024-07-03,,
289,Jeffrey,Hicks,1984-04-20,https://sharepoint.uptime-solutions.com/photos/289.jpg,employee289@uptime-solutions.com,5,7,19,1,2,2020-04-25,,
290,John,Charles,1969-07-30,https://sharepoint.uptime-solutions.com/photos/290.jpg,employee290@uptime-solutions.com,3,4,9,4,2,2022-04-14,,
291,Linda,Patterson,1990-08-15,https://sharepoint.uptime-solutions.com/photos/291.jpg,employee291@uptime-solutions.com,2,3,10,2,2,2021-08-08,,
292,Michelle,Martinez,1990-09-03,https://sharepoint.uptime-solutions.com/photos/292.jpg,employee292@uptime-solutions.com,3,4,10,4,3,2024-04-10,2024-11-28,11
293,Jennifer,Hernandez,1990-12-04,https://sharepoint.uptime-solutions.com/photos/293.jpg,employee293@uptime-solutions.com,5,7,10,1,2,2020-05-17,,
294,Larry,Evans,1980-05-23,https://sharepoint.uptime-solutions.com/photos/294.jpg,employee294@uptime-solutions.com,1,1,6,4,2,2026-06-22,,
295,Julie,Carey,1972-07-13,https://sharepoint.uptime-solutions.com/photos/295.jpg,employee295@uptime-solutions.com,2,3,11,1,2,2020-03-22,,
296,Robert,Holden,1999-01-15,https://sharepoint.uptime-solutions.com/photos/296.jpg,employee296@uptime-solutions.com,4,5,5,1,1,2020-10-29,,
297,Erica,Watts,1975-11-15,https://sharepoint.uptime-solutions.com/photos/297.jpg,employee297@uptime-solutions.com,4,5,7,1,2,2020-09-04,,
298,Robert,Fisher,1966-05-25,https://sharepoint.uptime-solutions.com/photos/298.jpg,employee298@uptime-solutions.com,4,6,9,4,2,2021-07-16,,
299,Dylan,Robles,1990-09-26,https://sharepoint.uptime-solutions.com/photos/299.jpg,employee299@uptime-solutions.com,3,4,16,2,1,2025-02-07,,
300,Kevin,Becker,1984-12-06,https://sharepoint.uptime-solutions.com/photos/300.jpg,employee300@uptime-solutions.com,5,7,19,4,2,2021-04-16,,
301,Scott,Soto,1972-11-02,https://sharepoint.uptime-solutions.com/photos/301.jpg,employee301@uptime-solutions.com,2,3,8,2,2,2024-04-04,,
302,Ashley,Stevens,1999-09-05,https://sharepoint.uptime-solutions.com/photos/302.jpg,employee302@uptime-solutions.com,1,2,4,2,2,2023-05-18,,
303,Gary,Blake,1975-06-20,https://sharepoint.uptime-solutions.com/photos/303.jpg,employee303@uptime-solutions.com,5,7,16,4,2,2020-04-16,,
304,Jill,Hernandez,1968-10-03,https://sharepoint.uptime-solutions.com/photos/304.jpg,employee304@uptime-solutions.com,2,3,18,1,1,2020-12-03,,
305,Joshua,Hickman,1968-01-24,https://sharepoint.uptime-solutions.com/photos/305.jpg,employee305@uptime-solutions.com,1,1,11,1,2,2020-07-19,,
306,Michael,Tapia,1991-01-24,https://sharepoint.uptime-solutions.com/photos/306.jpg,employee306@uptime-solutions.com,1,1,14,4,2,2021-09-21,,
307,Kristy,Kelley,1982-08-10,https://sharepoint.uptime-solutions.com/photos/307.jpg,employee307@uptime-solutions.com,4,6,8,4,2,2020-05-27,,
308,Jeremy,Tucker,1992-03-16,https://sharepoint.uptime-solutions.com/photos/308.jpg,employee308@uptime-solutions.com,3,4,13,2,2,2022-06-16,,
309,Maxwell,Soto,1997-01-08,https://sharepoint.uptime-solutions.com/photos/309.jpg,employee309@uptime-solutions.com,4,5,3,3,2,2023-10-13,,
310,Christian,Cowan,1981-02-01,https://sharepoint.uptime-solutions.com/photos/310.jpg,employee310@uptime-solutions.com,1,1,8,2,2,2022-02-07,,
311,Nathan,Wiley,1969-05-03,https://sharepoint.uptime-solutions.com/photos/311.jpg,employee311@uptime-solutions.com,3,4,4,3,2,2023-02-01,,
312,William,Pace,1995-07-17,https://sharepoint.uptime-solutions.com/photos/312.jpg,employee312@uptime-solutions.com,4,6,2,2,1,2026-11-25,,
313,George,Castaneda,1987-05-08,https://sharepoint.uptime-solutions.com/photos/313.jpg,employee313@uptime-solutions.com,1,2,1,2,2,2026-12-08,,
314,David,Thompson,1987-10-04,https://sharepoint.uptime-solutions.com/photos/314.jpg,employee314@uptime-solutions.com,4,6,1,3,2,2026-11-17,,
315,Monica,Robles,1988-05-29,https://sharepoint.uptime-solutions.com/photos/315.jpg,employee315@uptime-solutions.com,5,7,2,4,2,2023-03-04,,
316,Jennifer,Myers,1988-05-19,https://sharepoint.uptime-solutions.com/photos/316.jpg,employee316@uptime-solutions.com,1,1,11,2,2,2025-08-29,,
317,Walter,Steele,1979-01-12,https://sharepoint.uptime-solutions.com/photos/317.jpg,employee317@uptime-solutions.com,5,7,8,4,2,2024-03-05,,
318,Johnny,Cobb,1970-11-23,https://sharepoint.uptime-solutions.com/photos/318.jpg,employee318@uptime-solutions.com,2,3,10,2,3,2024-06-10,2025-09-16,14
319,Michael,Bush,1975-02-01,https://sharepoint.uptime-solutions.com/photos/319.jpg,employee319@uptime-solutions.com,2,3,15,1,2,2024-07-09,,
320,Roy,Pollard,1982-09-14,https://sharepoint.uptime-solutions.com/photos/320.jpg,employee320@uptime-solutions.com,2,3,2,2,2,2024-07-23,,
321,James,Mueller,1996-08-04,https://sharepoint.uptime-solutions.com/photos/321.jpg,employee321@uptime-solutions.com,1,2,20,3,2,2022-05-30,,
322,John,Carpenter,1988-04-11,https://sharepoint.uptime-solutions.com/photos/322.jpg,employee322@uptime-solutions.com,1,1,18,2,2,2020-01-02,,
323,Megan,Esparza,1990-07-04,https://sharepoint.uptime-solutions.com/photos/323.jpg,employee323@uptime-solutions.com,4,5,1,3,1,2026-10-28,,
324,Kathy,Ross,1969-03-29,https://sharepoint.uptime-solutions.com/photos/324.jpg,employee324@uptime-solutions.com,1,1,9,1,2,2023-08-06,,
325,Erica,Sellers,1987-08-21,https://sharepoint.uptime-solutions.com/photos/325.jpg,employee325@uptime-solutions.com,4,6,19,3,2,2025-06-07,,
326,Valerie,Duncan,1981-03-23,https://sharepoint.uptime-solutions.com/photos/326.jpg,employee326@uptime-solutions.com,4,5,11,3,3,2020-06-17,2025-11-14,4
327,Misty,Bailey,1978-12-21,https://sharepoint.uptime-solutions.com/photos/327.jpg,employee327@uptime-solutions.com,4,6,5,1,2,2026-11-26,,
328,Erica,Parker,1981-12-16,https://sharepoint.uptime-solutions.com/photos/328.jpg,employee328@uptime-solutions.com,2,3,8,2,2,2025-09-08,,
329,Jeremy,Rodriguez,1976-09-09,https://sharepoint.uptime-solutions.com/photos/329.jpg,employee329@uptime-solutions.com,3,4,18,1,3,2020-05-08,2023-06-11,3
330,Carol,Williamson,1988-12-22,https://sharepoint.uptime-solutions.com/photos/330.jpg,employee330@uptime-solutions.com,4,6,3,1,2,2021-07-21,,
331,Paul,Taylor,1979-04-09,https://sharepoint.uptime-solutions.com/photos/331.jpg,employee331@uptime-solutions.com,5,7,18,1,2,2025-06-26,,
332,Jason,Williams,1994-09-09,https://sharepoint.uptime-solutions.com/photos/332.jpg,employee332@uptime-solutions.com,1,2,20,4,2,2024-06-18,,
333,Jill,Bridges,1995-06-13,https://sharepoint.uptime-solutions.com/photos/333.jpg,employee333@uptime-solutions.com,5,7,5,4,2,2020-04-21,,
334,Jacob,Hernandez,1973-06-17,https://sharepoint.uptime-solutions.com/photos/334.jpg,employee334@uptime-solutions.com,1,1,14,4,2,2020-04-04,,
335,Breanna,Moss,1974-12-19,https://sharepoint.uptime-solutions.com/photos/335.jpg,employee335@uptime-solutions.com,1,2,20,2,2,2025-12-08,,
336,Colton,Jones,1967-10-23,https://sharepoint.uptime-solutions.com/photos/336.jpg,employee336@uptime-solutions.com,1,1,1,4,2,2026-08-01,,
337,Emma,Bennett,1984-02-03,https://sharepoint.uptime-solutions.com/photos/337.jpg,employee337@uptime-solutions.com,1,1,9,3,2,2021-07-03,,
338,Scott,White,1978-03-04,https://sharepoint.uptime-solutions.com/photos/338.jpg,employee338@uptime-solutions.com,2,3,4,1,2,2023-01-07,,
339,Mike,Wilson,1980-04-03,https://sharepoint.uptime-solutions.com/photos/339.jpg,employee339@uptime-solutions.com,3,4,3,2,1,2022-09-25,,
340,Jessica,Black,1996-06-03,https://sharepoint.uptime-solutions.com/photos/340.jpg,employee340@uptime-solutions.com,3,4,6,3,2,2020-12-08,,
341,Rebecca,Pierce,1984-07-21,https://sharepoint.uptime-solutions.com/photos/341.jpg,employee341@uptime-solutions.com,1,1,9,4,2,2024-04-23,,
342,Michael,Williams,1990-06-30,https://sharepoint.uptime-solutions.com/photos/342.jpg,employee342@uptime-solutions.com,1,2,6,2,1,2020-05-21,,
343,Sierra,Trevino,1991-03-20,https://sharepoint.uptime-solutions.com/photos/343.jpg,employee343@uptime-solutions.com,2,3,10,3,2,2022-10-02,,
344,Timothy,Hill,1977-01-17,https://sharepoint.uptime-solutions.com/photos/344.jpg,employee344@uptime-solutions.com,5,7,13,3,3,2026-08-27,2026-11-08,11
345,Loretta,Sanders,1983-08-29,https://sharepoint.uptime-solutions.com/photos/345.jpg,employee345@uptime-solutions.com,5,7,16,1,1,2025-03-15,,
346,Joy,Mcintyre,1976-08-12,https://sharepoint.uptime-solutions.com/photos/346.jpg,employee346@uptime-solutions.com,4,6,7,3,2,2024-05-23,,
347,Amy,Guerra,1969-09-24,https://sharepoint.uptime-solutions.com/photos/347.jpg,employee347@uptime-solutions.com,1,1,8,1,2,2025-04-20,,
348,Teresa,Ware,1969-12-17,https://sharepoint.uptime-solutions.com/photos/348.jpg,employee348@uptime-solutions.com,2,3,2,3,2,2022-12-09,,
349,Bonnie,Watts,1973-03-13,https://sharepoint.uptime-solutions.com/photos/349.jpg,employee349@uptime-solutions.com,4,5,5,2,2,2021-11-16,,
350,Julie,Bowers,1986-09-17,https://sharepoint.uptime-solutions.com/photos/350.jpg,employee350@uptime-solutions.com,5,7,11,2,2,2021-11-20,,
351,Jared,Tate,1986-02-17,https://sharepoint.uptime-solutions.com/photos/351.jpg,employee351@uptime-solutions.com,5,7,10,1,2,2024-04-24,,
352,Kristine,Hernandez,1997-01-20,https://sharepoint.uptime-solutions.com/photos/352.jpg,employee352@uptime-solutions.com,4,6,12,4,2,2025-05-08,,
353,Amanda,Preston,1987-10-26,https://sharepoint.uptime-solutions.com/photos/353.jpg,employee353@uptime-solutions.com,4,5,5,3,1,2021-09-22,,
354,Patrick,Cook,1996-11-15,https://sharepoint.uptime-solutions.com/photos/354.jpg,employee354@uptime-solutions.com,4,5,12,3,1,2023-02-17,,
355,Roy,Cross,1980-12-24,https://sharepoint.uptime-solutions.com/photos/355.jpg,employee355@uptime-solutions.com,2,3,9,2,2,2026-06-30,,
356,Lori,Turner,1993-03-13,https://sharepoint.uptime-solutions.com/photos/356.jpg,employee356@uptime-solutions.com,4,5,11,1,2,2024-10-23,,
357,Emily,Wilson,1980-08-10,https://sharepoint.uptime-solutions.com/photos/357.jpg,employee357@uptime-solutions.com,5,7,2,2,2,2023-07-26,,
358,Jessica,Hester,1967-01-12,https://sharepoint.uptime-solutions.com/photos/358.jpg,employee358@uptime-solutions.com,1,1,9,3,2,2025-09-29,,
359,Thomas,Skinner,1984-06-14,https://sharepoint.uptime-solutions.com/photos/359.jpg,employee359@uptime-solutions.com,4,5,1,4,2,2020-03-18,,
360,Steven,Daugherty,1986-03-01,https://sharepoint.uptime-solutions.com/photos/360.jpg,employee360@uptime-solutions.com,1,2,5,3,3,2026-10-22,2026-12-08,12
361,Amber,Smith,1994-03-16,https://sharepoint.uptime-solutions.com/photos/361.jpg,employee361@uptime-solutions.com,2,3,4,4,2,2020-12-03,,
362,Daniel,Cox,1996-02-17,https://sharepoint.uptime-solutions.com/photos/362.jpg,employee362@uptime-solutions.com,4,5,20,4,2,2025-08-28,,
363,Vanessa,Brown,1989-12-31,https://sharepoint.uptime-solutions.com/photos/363.jpg,employee363@uptime-solutions.com,5,7,19,3,3,2022-06-15,2025-01-23,11
364,Natalie,Hamilton,2000-08-17,https://sharepoint.uptime-solutions.com/photos/364.jpg,employee364@uptime-solutions.com,3,4,16,3,2,2021-10-07,,
365,Alexander,Thornton,1974-07-28,https://sharepoint.uptime-solutions.com/photos/365.jpg,employee365@uptime-solutions.com,4,5,20,4,2,2020-03-05,,
366,Natalie,Jones,1984-01-20,https://sharepoint.uptime-solutions.com/photos/366.jpg,employee366@uptime-solutions.com,2,3,19,1,2,2023-12-11,,
367,Catherine,Campbell,1969-09-24,https://sharepoint.uptime-solutions.com/photos/367.jpg,employee367@uptime-solutions.com,1,2,1,1,2,2022-11-09,,
368,Andre,Morrison,1968-10-07,https://sharepoint.uptime-solutions.com/photos/368.jpg,employee368@uptime-solutions.com,1,1,12,2,2,2021-03-27,,
369,Amanda,Rodriguez,1992-10-13,https://sharepoint.uptime-solutions.com/photos/369.jpg,employee369@uptime-solutions.com,3,4,17,4,2,2024-05-25,,
370,Shane,Long,1969-05-12,https://sharepoint.uptime-solutions.com/photos/370.jpg,employee370@uptime-solutions.com,3,4,9,3,2,2024-04-15,,
371,Dawn,Howe,1988-12-07,https://sharepoint.uptime-solutions.com/photos/371.jpg,employee371@uptime-solutions.com,1,2,5,3,3,2020-07-28,2024-06-03,13
372,Kristina,Mitchell,1983-12-08,https://sharepoint.uptime-solutions.com/photos/372.jpg,employee372@uptime-solutions.com,3,4,19,2,3,2022-10-16,2024-10-31,9
373,Casey,Reeves,1977-10-06,https://sharepoint.uptime-solutions.com/photos/373.jpg,employee373@uptime-solutions.com,5,7,14,2,2,2023-10-12,,
374,Stacey,Lang,1996-04-12,https://sharepoint.uptime-solutions.com/photos/374.jpg,employee374@uptime-solutions.com,4,5,4,4,2,2023-08-17,,
375,Danny,Cruz,1978-12-14,https://sharepoint.uptime-solutions.com/photos/375.jpg,employee375@uptime-solutions.com,5,7,11,3,2,2022-03-29,,
376,Michael,Pugh,1998-09-08,https://sharepoint.uptime-solutions.com/photos/376.jpg,employee376@uptime-solutions.com,3,4,2,4,1,2025-07-17,,
377,Andrew,Cantu,1976-12-05,https://sharepoint.uptime-solutions.com/photos/377.jpg,employee377@uptime-solutions.com,5,7,11,4,1,2021-07-24,,
378,Jessica,Hunter,1996-01-28,https://sharepoint.uptime-solutions.com/photos/378.jpg,employee378@uptime-solutions.com,1,2,7,1,3,2023-06-30,2025-02-11,3
379,Rebecca,Scott,1994-04-02,https://sharepoint.uptime-solutions.com/photos/379.jpg,employee379@uptime-solutions.com,4,5,20,2,2,2023-01-05,,
380,Donna,Santiago,1983-02-06,https://sharepoint.uptime-solutions.com/photos/380.jpg,employee380@uptime-solutions.com,4,6,3,4,2,2024-06-15,,
381,Darren,Moore,1979-08-29,https://sharepoint.uptime-solutions.com/photos/381.jpg,employee381@uptime-solutions.com,3,4,17,1,3,2020-12-11,2025-12-10,1
382,Brooke,Harper,1966-02-20,https://sharepoint.uptime-solutions.com/photos/382.jpg,employee382@uptime-solutions.com,2,3,20,4,2,2026-04-07,,
383,John,Ryan,1966-11-09,https://sharepoint.uptime-solutions.com/photos/383.jpg,employee383@uptime-solutions.com,5,7,11,2,2,2022-11-02,,
384,Kristen,Johnson,1981-03-03,https://sharepoint.uptime-solutions.com/photos/384.jpg,employee384@uptime-solutions.com,1,1,15,3,2,2020-05-12,,
385,Alyssa,Lopez,1981-09-26,https://sharepoint.uptime-solutions.com/photos/385.jpg,employee385@uptime-solutions.com,5,7,11,2,2,2024-11-20,,
386,Michael,Olsen,1997-01-14,https://sharepoint.uptime-solutions.com/photos/386.jpg,employee386@uptime-solutions.com,5,7,11,2,2,2020-11-15,,
387,Wendy,Acevedo,1979-01-19,https://sharepoint.uptime-solutions.com/photos/387.jpg,employee387@uptime-solutions.com,4,5,13,4,2,2021-04-05,,
388,Connor,Howard,1992-03-15,https://sharepoint.uptime-solutions.com/photos/388.jpg,employee388@uptime-solutions.com,4,6,2,1,2,2024-09-05,,
389,Kenneth,Rivera,1994-11-04,https://sharepoint.uptime-solutions.com/photos/389.jpg,employee389@uptime-solutions.com,1,2,13,1,1,2021-06-07,,
390,Robin,Nelson,1993-08-02,https://sharepoint.uptime-solutions.com/photos/390.jpg,employee390@uptime-solutions.com,3,4,1,2,2,2026-03-03,,
391,Craig,Perez,1994-08-04,https://sharepoint.uptime-solutions.com/photos/391.jpg,employee391@uptime-solutions.com,1,1,8,2,2,2021-02-27,,
392,Lisa,Dunn,1965-07-02,https://sharepoint.uptime-solutions.com/photos/392.jpg,employee392@uptime-solutions.com,1,2,3,2,2,2023-10-12,,
393,Gregory,Phillips,1989-02-03,https://sharepoint.uptime-solutions.com/photos/393.jpg,employee393@uptime-solutions.com,4,5,1,4,2,2023-04-20,,
394,Ray,Murphy,1971-04-06,https://sharepoint.uptime-solutions.com/photos/394.jpg,employee394@uptime-solutions.com,1,2,5,3,2,2026-04-05,,
395,Joshua,Santiago,1978-07-03,https://sharepoint.uptime-solutions.com/photos/395.jpg,employee395@uptime-solutions.com,4,5,13,2,1,2020-08-05,,
396,Michelle,Anderson,1976-09-18,https://sharepoint.uptime-solutions.com/photos/396.jpg,employee396@uptime-solutions.com,3,4,10,2,2,2022-03-05,,
397,Mary,Tucker,1973-04-10,https://sharepoint.uptime-solutions.com/photos/397.jpg,employee397@uptime-solutions.com,1,2,16,3,3,2026-12-14,2026-12-28,3
398,Marie,Ward,1991-06-25,https://sharepoint.uptime-solutions.com/photos/398.jpg,employee398@uptime-solutions.com,4,6,5,3,2,2025-04-26,,
399,Vincent,Strickland,1967-12-22,https://sharepoint.uptime-solutions.com/photos/399.jpg,employee399@uptime-solutions.com,5,7,20,3,2,2020-06-11,,
400,Barbara,Campos,1985-03-10,https://sharepoint.uptime-solutions.com/photos/400.jpg,employee400@uptime-solutions.com,2,3,13,3,2,2025-01-30,,
401,Richard,Hayes,1994-02-26,https://sharepoint.uptime-solutions.com/photos/401.jpg,employee401@uptime-solutions.com,1,1,3,2,2,2023-07-29,,
402,Justin,Carter,2000-12-28,https://sharepoint.uptime-solutions.com/photos/402.jpg,employee402@uptime-solutions.com,5,7,18,3,2,2026-04-09,,
403,Travis,Moore,1997-06-11,https://sharepoint.uptime-solutions.com/photos/403.jpg,employee403@uptime-solutions.com,5,7,7,2,2,2021-11-16,,
404,Ethan,Hodges,1989-08-14,https://sharepoint.uptime-solutions.com/photos/404.jpg,employee404@uptime-solutions.com,2,3,4,3,2,2021-08-15,,
405,David,Freeman,1977-05-27,https://sharepoint.uptime-solutions.com/photos/405.jpg,employee405@uptime-solutions.com,4,5,5,3,2,2025-04-01,,
406,Anthony,Black,1968-05-28,https://sharepoint.uptime-solutions.com/photos/406.jpg,employee406@uptime-solutions.com,1,1,8,2,1,2020-01-02,,
407,Steven,Lane,1970-11-18,https://sharepoint.uptime-solutions.com/photos/407.jpg,employee407@uptime-solutions.com,3,4,3,1,1,2020-08-03,,
408,Francisco,Norris,1998-06-05,https://sharepoint.uptime-solutions.com/photos/408.jpg,employee408@uptime-solutions.com,4,6,3,1,2,2025-12-24,,
409,Todd,Murray,1982-06-24,https://sharepoint.uptime-solutions.com/photos/409.jpg,employee409@uptime-solutions.com,5,7,14,1,2,2020-12-12,,
410,Marie,Rodriguez,2000-01-03,https://sharepoint.uptime-solutions.com/photos/410.jpg,employee410@uptime-solutions.com,1,1,6,2,1,2024-12-23,,
411,Jennifer,Nicholson,1988-03-18,https://sharepoint.uptime-solutions.com/photos/411.jpg,employee411@uptime-solutions.com,2,3,12,3,2,2023-11-24,,
412,Kenneth,Smith,1981-12-23,https://sharepoint.uptime-solutions.com/photos/412.jpg,employee412@uptime-solutions.com,3,4,5,4,2,2020-12-21,,
413,Heather,Brown,1980-08-12,https://sharepoint.uptime-solutions.com/photos/413.jpg,employee413@uptime-solutions.com,5,7,17,3,2,2025-04-12,,
414,William,Ramirez,1975-01-19,https://sharepoint.uptime-solutions.com/photos/414.jpg,employee414@uptime-solutions.com,4,6,10,2,2,2025-06-16,,
415,Andrew,Williams,1982-01-24,https://sharepoint.uptime-solutions.com/photos/415.jpg,employee415@uptime-solutions.com,5,7,12,4,3,2024-05-16,2026-02-06,2
416,Christine,Spencer,1989-03-24,https://sharepoint.uptime-solutions.com/photos/416.jpg,employee416@uptime-solutions.com,5,7,10,4,2,2025-03-11,,
417,Donald,Lopez,1997-08-04,https://sharepoint.uptime-solutions.com/photos/417.jpg,employee417@uptime-solutions.com,1,1,16,3,2,2022-01-17,,
418,Joseph,Powell,1981-01-25,https://sharepoint.uptime-solutions.com/photos/418.jpg,employee418@uptime-solutions.com,5,7,19,2,1,2026-09-09,,
419,Keith,Little,1994-03-20,https://sharepoint.uptime-solutions.com/photos/419.jpg,employee419@uptime-solutions.com,3,4,18,4,2,2022-02-23,,
420,Sophia,Hendricks,1997-06-03,https://sharepoint.uptime-solutions.com/photos/420.jpg,employee420@uptime-solutions.com,5,7,18,2,2,2025-06-28,,
421,Anthony,Curry,1996-10-13,https://sharepoint.uptime-solutions.com/photos/421.jpg,employee421@uptime-solutions.com,4,5,17,1,1,2023-04-30,,
422,Margaret,Gray,1993-04-05,https://sharepoint.uptime-solutions.com/photos/422.jpg,employee422@uptime-solutions.com,4,5,1,2,1,2026-05-17,,
423,Walter,Collins,1994-12-14,https://sharepoint.uptime-solutions.com/photos/423.jpg,employee423@uptime-solutions.com,4,6,12,4,2,2020-03-21,,
424,Janet,Douglas,1978-07-06,https://sharepoint.uptime-solutions.com/photos/424.jpg,employee424@uptime-solutions.com,4,5,13,1,2,2020-03-12,,
425,John,Perez,1975-10-29,https://sharepoint.uptime-solutions.com/photos/425.jpg,employee425@uptime-solutions.com,3,4,2,3,2,2021-10-05,,
426,Kenneth,Clark,1970-04-07,https://sharepoint.uptime-solutions.com/photos/426.jpg,employee426@uptime-solutions.com,4,5,20,1,2,2024-07-05,,
427,Thomas,Davis,1988-02-06,https://sharepoint.uptime-solutions.com/photos/427.jpg,employee427@uptime-solutions.com,4,5,20,1,2,2024-06-04,,
428,Margaret,Sullivan,1976-05-19,https://sharepoint.uptime-solutions.com/photos/428.jpg,employee428@uptime-solutions.com,2,3,7,4,2,2022-11-11,,
429,Stephen,Allen,1965-02-03,https://sharepoint.uptime-solutions.com/photos/429.jpg,employee429@uptime-solutions.com,4,5,8,4,2,2023-11-28,,
430,Terri,Howell,1969-07-07,https://sharepoint.uptime-solutions.com/photos/430.jpg,employee430@uptime-solutions.com,2,3,5,1,1,2022-01-31,,
431,Danielle,Dixon,1976-07-04,https://sharepoint.uptime-solutions.com/photos/431.jpg,employee431@uptime-solutions.com,2,3,14,1,2,2021-10-04,,
432,Taylor,Harrison,1983-04-09,https://sharepoint.uptime-solutions.com/photos/432.jpg,employee432@uptime-solutions.com,4,5,4,1,2,2022-11-19,,
433,Stephanie,Powell,1992-03-28,https://sharepoint.uptime-solutions.com/photos/433.jpg,employee433@uptime-solutions.com,3,4,12,2,2,2022-04-04,,
434,Jennifer,Horne,1990-04-15,https://sharepoint.uptime-solutions.com/photos/434.jpg,employee434@uptime-solutions.com,2,3,20,4,3,2021-09-15,2022-06-26,13
435,Vanessa,Hickman,1969-03-19,https://sharepoint.uptime-solutions.com/photos/435.jpg,employee435@uptime-solutions.com,2,3,5,1,1,2021-11-08,,
436,Heather,Gordon,1988-01-11,https://sharepoint.uptime-solutions.com/photos/436.jpg,employee436@uptime-solutions.com,4,5,1,4,2,2021-02-09,,
437,Wendy,West,1988-08-10,https://sharepoint.uptime-solutions.com/photos/437.jpg,employee437@uptime-solutions.com,5,7,20,2,2,2026-07-22,,
438,Traci,Mcdaniel,1999-09-08,https://sharepoint.uptime-solutions.com/photos/438.jpg,employee438@uptime-solutions.com,4,5,5,4,2,2023-12-28,,
439,Paul,Holt,1971-05-22,https://sharepoint.uptime-solutions.com/photos/439.jpg,employee439@uptime-solutions.com,3,4,5,3,3,2022-02-11,2022-02-19,2
440,Laura,Cobb,1977-01-11,https://sharepoint.uptime-solutions.com/photos/440.jpg,employee440@uptime-solutions.com,4,5,8,4,2,2021-05-12,,
441,Daniel,Winters,1996-09-12,https://sharepoint.uptime-solutions.com/photos/441.jpg,employee441@uptime-solutions.com,1,2,5,4,2,2021-04-26,,
442,Ronald,Gross,1987-02-16,https://sharepoint.uptime-solutions.com/photos/442.jpg,employee442@uptime-solutions.com,1,1,2,4,1,2025-04-07,,
443,Christy,Fuller,1995-08-24,https://sharepoint.uptime-solutions.com/photos/443.jpg,employee443@uptime-solutions.com,3,4,20,4,2,2023-01-03,,
444,Mary,Taylor,1982-03-18,https://sharepoint.uptime-solutions.com/photos/444.jpg,employee444@uptime-solutions.com,4,6,19,3,2,2024-02-15,,
445,Sally,Johnson,1971-03-07,https://sharepoint.uptime-solutions.com/photos/445.jpg,employee445@uptime-solutions.com,2,3,16,1,2,2025-12-15,,
446,Katherine,Davis,1995-05-31,https://sharepoint.uptime-solutions.com/photos/446.jpg,employee446@uptime-solutions.com,5,7,17,4,2,2023-10-15,,
447,Matthew,Bautista,1965-02-28,https://sharepoint.uptime-solutions.com/photos/447.jpg,employee447@uptime-solutions.com,2,3,19,4,2,2024-07-07,,
448,Diana,Schmidt,1977-09-14,https://sharepoint.uptime-solutions.com/photos/448.jpg,employee448@uptime-solutions.com,4,6,18,3,3,2021-11-12,2025-01-16,3
449,Allison,King,1993-04-23,https://sharepoint.uptime-solutions.com/photos/449.jpg,employee449@uptime-solutions.com,4,6,14,3,1,2023-09-14,,
450,Timothy,Wise,1984-07-13,https://sharepoint.uptime-solutions.com/photos/450.jpg,employee450@uptime-solutions.com,2,3,18,4,2,2025-10-01,,
451,Sarah,Hall,1966-12-30,https://sharepoint.uptime-solutions.com/photos/451.jpg,employee451@uptime-solutions.com,4,5,11,2,2,2022-07-28,,
452,Tyler,Mccarthy,1994-01-21,https://sharepoint.uptime-solutions.com/photos/452.jpg,employee452@uptime-solutions.com,2,3,2,2,2,2026-06-25,,
453,Brian,Vance,2000-06-25,https://sharepoint.uptime-solutions.com/photos/453.jpg,employee453@uptime-solutions.com,3,4,4,4,3,2022-10-14,2026-08-27,9
454,Stephanie,Espinoza,1969-04-22,https://sharepoint.uptime-solutions.com/photos/454.jpg,employee454@uptime-solutions.com,1,2,17,4,2,2022-07-03,,
455,Rachel,Robinson,1992-06-21,https://sharepoint.uptime-solutions.com/photos/455.jpg,employee455@uptime-solutions.com,5,7,17,1,3,2021-04-23,2026-11-28,5
456,Tammy,Freeman,1993-08-02,https://sharepoint.uptime-solutions.com/photos/456.jpg,employee456@uptime-solutions.com,5,7,20,4,2,2026-11-07,,
457,Gabriel,Williams,1996-09-01,https://sharepoint.uptime-solutions.com/photos/457.jpg,employee457@uptime-solutions.com,4,5,4,3,1,2020-01-26,,
458,Nathan,Vance,1999-11-28,https://sharepoint.uptime-solutions.com/photos/458.jpg,employee458@uptime-solutions.com,1,2,13,2,2,2022-12-01,,
459,Jamie,Serrano,1987-11-27,https://sharepoint.uptime-solutions.com/photos/459.jpg,employee459@uptime-solutions.com,1,2,6,2,2,2026-12-12,,
460,Matthew,Jackson,1981-03-22,https://sharepoint.uptime-solutions.com/photos/460.jpg,employee460@uptime-solutions.com,4,6,11,3,2,2026-10-02,,
461,Valerie,Sanders,1983-08-27,https://sharepoint.uptime-solutions.com/photos/461.jpg,employee461@uptime-solutions.com,1,1,5,2,2,2022-06-02,,
462,Kelly,Ortiz,1975-10-31,https://sharepoint.uptime-solutions.com/photos/462.jpg,employee462@uptime-solutions.com,1,2,19,3,2,2021-10-29,,
463,Matthew,Lynn,1970-11-09,https://sharepoint.uptime-solutions.com/photos/463.jpg,employee463@uptime-solutions.com,3,4,19,3,2,2026-10-28,,
464,Jennifer,Martin,1970-09-13,https://sharepoint.uptime-solutions.com/photos/464.jpg,employee464@uptime-solutions.com,5,7,11,1,2,2026-07-23,,
465,Manuel,Griffith,1983-04-21,https://sharepoint.uptime-solutions.com/photos/465.jpg,employee465@uptime-solutions.com,5,7,14,1,2,2021-12-30,,
466,Robert,Owen,1993-02-23,https://sharepoint.uptime-solutions.com/photos/466.jpg,employee466@uptime-solutions.com,5,7,8,1,2,2020-08-04,,
467,Paul,Salinas,1977-07-23,https://sharepoint.uptime-solutions.com/photos/467.jpg,employee467@uptime-solutions.com,4,6,20,3,2,2022-01-05,,
468,Lisa,Webb,1970-06-06,https://sharepoint.uptime-solutions.com/photos/468.jpg,employee468@uptime-solutions.com,2,3,9,2,2,2021-01-04,,
469,Mary,Williams,1982-02-28,https://sharepoint.uptime-solutions.com/photos/469.jpg,employee469@uptime-solutions.com,2,3,5,4,3,2025-11-05,2026-10-31,11
470,Lauren,Watson,1970-10-11,https://sharepoint.uptime-solutions.com/photos/470.jpg,employee470@uptime-solutions.com,2,3,1,4,2,2022-11-15,,
471,Sara,Chambers,1977-03-04,https://sharepoint.uptime-solutions.com/photos/471.jpg,employee471@uptime-solutions.com,1,1,1,3,2,2024-07-15,,
472,Jeffrey,Sawyer,1987-04-17,https://sharepoint.uptime-solutions.com/photos/472.jpg,employee472@uptime-solutions.com,3,4,20,1,2,2020-12-27,,
473,Michael,Gill,1999-05-01,https://sharepoint.uptime-solutions.com/photos/473.jpg,employee473@uptime-solutions.com,4,6,17,4,2,2024-03-28,,
474,Kendra,Torres,1995-09-11,https://sharepoint.uptime-solutions.com/photos/474.jpg,employee474@uptime-solutions.com,1,1,16,1,2,2020-12-28,,
475,Justin,Knox,1988-06-30,https://sharepoint.uptime-solutions.com/photos/475.jpg,employee475@uptime-solutions.com,1,2,13,3,2,2024-08-15,,
476,Amanda,Miles,1988-02-08,https://sharepoint.uptime-solutions.com/photos/476.jpg,employee476@uptime-solutions.com,4,5,6,2,3,2023-11-13,2026-12-06,7
477,Diamond,Garcia,1966-04-24,https://sharepoint.uptime-solutions.com/photos/477.jpg,employee477@uptime-solutions.com,5,7,7,1,2,2023-11-05,,
478,Steven,Williams,1976-01-29,https://sharepoint.uptime-solutions.com/photos/478.jpg,employee478@uptime-solutions.com,1,2,15,4,1,2020-11-15,,
479,Brian,Marshall,1978-12-07,https://sharepoint.uptime-solutions.com/photos/479.jpg,employee479@uptime-solutions.com,3,4,8,2,2,2023-02-24,,
480,Tonya,Leon,1977-10-19,https://sharepoint.uptime-solutions.com/photos/480.jpg,employee480@uptime-solutions.com,5,7,4,3,2,2022-01-31,,
481,Heather,Bonilla,1984-04-19,https://sharepoint.uptime-solutions.com/photos/481.jpg,employee481@uptime-solutions.com,1,2,20,2,2,2024-02-10,,
482,Jordan,Brooks,1990-01-02,https://sharepoint.uptime-solutions.com/photos/482.jpg,employee482@uptime-solutions.com,4,6,12,1,2,2026-05-10,,
483,Erika,Nunez,1977-07-29,https://sharepoint.uptime-solutions.com/photos/483.jpg,employee483@uptime-solutions.com,1,1,13,3,1,2020-07-14,,
484,Nicholas,Williams,1968-07-14,https://sharepoint.uptime-solutions.com/photos/484.jpg,employee484@uptime-solutions.com,5,7,6,1,1,2026-12-31,,
485,Lisa,Nguyen,1971-12-18,https://sharepoint.uptime-solutions.com/photos/485.jpg,employee485@uptime-solutions.com,3,4,8,3,2,2026-11-16,,
486,Randy,Smith,1982-05-12,https://sharepoint.uptime-solutions.com/photos/486.jpg,employee486@uptime-solutions.com,4,6,7,1,3,2022-09-20,2026-07-06,2
487,Janice,Ware,1998-04-26,https://sharepoint.uptime-solutions.com/photos/487.jpg,employee487@uptime-solutions.com,2,3,16,3,2,2020-08-24,,
488,Jacqueline,Murphy,1996-04-22,https://sharepoint.uptime-solutions.com/photos/488.jpg,employee488@uptime-solutions.com,4,6,20,1,2,2022-12-02,,
489,William,Gordon,1970-10-16,https://sharepoint.uptime-solutions.com/photos/489.jpg,employee489@uptime-solutions.com,5,7,7,3,1,2021-12-10,,
490,Gloria,Maldonado,1988-06-21,https://sharepoint.uptime-solutions.com/photos/490.jpg,employee490@uptime-solutions.com,1,2,1,4,2,2024-08-06,,
491,Bradley,Barr,1974-03-28,https://sharepoint.uptime-solutions.com/photos/491.jpg,employee491@uptime-solutions.com,3,4,14,1,3,2020-01-20,2023-10-12,13
492,Kathleen,Randolph,1976-06-12,https://sharepoint.uptime-solutions.com/photos/492.jpg,employee492@uptime-solutions.com,2,3,4,3,2,2025-09-19,,
493,Jonathan,Gonzalez,1992-11-01,https://sharepoint.uptime-solutions.com/photos/493.jpg,employee493@uptime-solutions.com,1,2,4,3,2,2024-12-19,,
494,Michelle,Charles,1981-01-27,https://sharepoint.uptime-solutions.com/photos/494.jpg,employee494@uptime-solutions.com,5,7,16,1,2,2024-11-09,,
495,Keith,Stewart,1997-06-04,https://sharepoint.uptime-solutions.com/photos/495.jpg,employee495@uptime-solutions.com,3,4,8,1,2,2023-03-12,,
496,Joshua,Foster,1966-05-08,https://sharepoint.uptime-solutions.com/photos/496.jpg,employee496@uptime-solutions.com,5,7,11,1,2,2020-07-01,,
497,Samuel,Hutchinson,1966-11-18,https://sharepoint.uptime-solutions.com/photos/497.jpg,employee497@uptime-solutions.com,5,7,1,4,2,2026-08-04,,
498,Catherine,Wagner,1972-07-26,https://sharepoint.uptime-solutions.com/photos/498.jpg,employee498@uptime-solutions.com,4,6,16,2,2,2026-11-07,,
499,Brett,Khan,1988-11-02,https://sharepoint.uptime-solutions.com/photos/499.jpg,employee499@uptime-solutions.com,3,4,2,4,2,2021-08-01,,
500,Ryan,Ferrell,1992-08-05,https://sharepoint.uptime-solutions.com/photos/500.jpg,employee500@uptime-solutions.com,1,2,17,4,2,2020-12-29,,
