employment_history_id,employee_id,employee_name,department,position,employment_type,start_date,end_date
1,1,Kevin Miller,Finance,Financial Analyst,Contract,2018-02-05,2020-01-01
8,7,Travis Wheeler,Information Technology,Data Analyst,Part-Time,2018-05-09,2018-11-21
12,10,Jill Romero,Finance,Financial Analyst,Temporary,2019-02-25,2020-02-15
17,14,Richard Dudley,Operations,Field Technician,Part-Time,2020-09-22,2021-07-07
22,18,Karen Richardson,Sales,Sales Representative,Part-Time,2020-07-08,2022-07-11
24,19,Alicia Fisher,Finance,Financial Analyst,Part-Time,2017-08-23,2018-11-20
29,23,Christopher Scott,Operations,Field Technician,Full-Time,2025-01-27,2026-04-13
32,25,Desiree Medina,Finance,Financial Analyst,Contract,2020-11-15,2021-10-18
37,29,Christopher Davis,Sales,Sales Representative,Temporary,2024-01-01,2024-11-20
39,30,Teresa James,Sales,Sales Representative,Contract,2025-02-23,2026-11-13
41,31,Jessica Durham,Information Technology,Software Developer,Contract,2026-06-17,2027-07-25
45,34,Kimberly Gutierrez,Sales,Sales Representative,Part-Time,2023-09-24,2024-09-26
52,40,Ashley Brown,Sales,Sales Representative,Contract,2023-02-02,2024-01-31
54,41,Jessica Horton,Operations,Operations Manager,Temporary,2021-04-19,2022-01-20
59,45,Tony Hess,Operations,Operations Manager,Contract,2021-08-07,2023-12-06
61,46,Justin Mckay,Sales,Sales Representative,Part-Time,2026-01-24,2028-07-09
64,48,Laurie Harrison,Human Resources,HR Specialist,Temporary,2024-05-02,2026-09-21
71,54,Evelyn Burton,Finance,Financial Analyst,Part-Time,2024-09-25,2025-06-23
73,55,Angela Dixon,Operations,Field Technician,Contract,2024-08-22,2025-05-04
76,57,Benjamin Mcdonald,Human Resources,HR Specialist,Contract,2023-06-20,2024-01-29
78,58,Tonya Wilson,Human Resources,HR Specialist,Temporary,2026-04-14,2028-04-12
85,64,Steven White,Operations,Operations Manager,Temporary,2023-08-15,2025-12-16
87,65,Linda King,Operations,Operations Manager,Temporary,2023-01-26,2023-09-10
90,67,Anne Stevens,Operations,Field Technician,Full-Time,2025-06-10,2027-11-07
93,69,Nicholas Hernandez,Information Technology,Software Developer,Part-Time,2024-01-28,2026-04-29
97,72,Tim Cook,Human Resources,HR Specialist,Contract,2022-02-21,2024-02-03
100,74,Joanne Dodson,Operations,Field Technician,Temporary,2024-02-05,2024-08-17
111,84,Raymond Santos,Operations,Operations Manager,Temporary,2025-03-23,2025-10-02
113,85,Lisa Young,Information Technology,Data Analyst,Full-Time,2020-01-18,2022-06-17
115,86,Kimberly Lee,Sales,Sales Representative,Part-Time,2020-08-04,2021-11-17
121,91,Kevin Hall,Information Technology,Software Developer,Full-Time,2025-09-06,2026-08-21
128,97,Michael Henry,Sales,Sales Representative,Temporary,2021-01-04,2023-02-14
132,100,Courtney Smith,Finance,Financial Analyst,Full-Time,2023-01-21,2024-12-28
135,102,Andrew Hamilton,Operations,Field Technician,Part-Time,2026-02-24,2027-01-10
144,110,Leonard West,Information Technology,Data Analyst,Full-Time,2026-09-02,2027-07-16
146,111,Amy Mitchell,Human Resources,HR Specialist,Full-Time,2020-09-24,2023-01-22
148,112,Elizabeth White,Operations,Field Technician,Part-Time,2025-09-09,2027-06-26
150,113,Ellen Bailey,Information Technology,Software Developer,Contract,2026-02-17,2028-07-05
152,114,Antonio Horn,Human Resources,HR Specialist,Part-Time,2024-02-21,2025-04-14
154,115,Kevin Simon,Finance,Financial Analyst,Temporary,2022-07-06,2024-06-11
156,116,Nicole Brown,Sales,Sales Representative,Contract,2020-03-27,2022-02-24
158,117,David Hughes,Operations,Operations Manager,Contract,2023-04-28,2023-10-29
160,118,Anita Davis,Sales,Sales Representative,Full-Time,2023-10-17,2024-08-15
165,122,Jared Holt,Finance,Financial Analyst,Full-Time,2020-03-24,2021-09-25
170,126,Joshua Stanley,Human Resources,HR Specialist,Part-Time,2021-10-22,2023-09-18
173,128,Deborah Lane,Information Technology,Data Analyst,Temporary,2021-10-24,2022-09-06
177,131,Paula Wood,Operations,Field Technician,Part-Time,2023-01-18,2023-09-22
182,135,Donald Johnson,Human Resources,HR Specialist,Temporary,2021-05-30,2023-02-20
184,136,Aaron Kim,Human Resources,HR Specialist,Full-Time,2022-01-31,2023-02-11
187,138,Jocelyn Clarke,Operations,Field Technician,Part-Time,2024-09-18,2025-06-22
194,144,John Buchanan,Finance,Financial Analyst,Part-Time,2025-12-14,2026-10-11
196,145,Carla Collins,Human Resources,HR Specialist,Contract,2021-04-03,2023-06-12
199,147,Kimberly Curry,Information Technology,Data Analyst,Temporary,2025-09-26,2027-02-20
202,149,Kelly Wu,Finance,Financial Analyst,Contract,2025-07-29,2027-10-13
206,152,Kenneth Henderson,Information Technology,Data Analyst,Part-Time,2021-10-13,2022-08-10
211,156,Deanna Meyers,Finance,Financial Analyst,Part-Time,2020-01-08,2022-06-11
215,159,Eric Avila,Finance,Financial Analyst,Temporary,2026-02-26,2028-03-11
219,162,Rachel Bailey,Operations,Operations Manager,Temporary,2024-01-29,2025-09-01
222,164,James Brown,Operations,Field Technician,Part-Time,2020-09-19,2022-11-05
224,165,Ralph Barron,Sales,Sales Representative,Part-Time,2021-01-15,2021-08-08
227,167,Christopher Vance,Information Technology,Software Developer,Temporary,2024-12-01,2025-12-27
229,168,Tammy Macias,Information Technology,Software Developer,Full-Time,2020-11-05,2022-01-13
233,171,Derek Stewart,Sales,Sales Representative,Part-Time,2024-01-25,2025-07-08
235,172,Rachel Smith,Sales,Sales Representative,Part-Time,2024-03-19,2025-12-30
239,175,Frank Rodriguez,Information Technology,Data Analyst,Temporary,2024-09-16,2025-10-19
243,178,Michelle Brewer,Finance,Financial Analyst,Contract,2025-12-29,2027-09-01
245,179,Austin Bates,Human Resources,HR Specialist,Temporary,2026-06-05,2028-08-07
251,184,Benjamin Cox,Finance,Financial Analyst,Full-Time,2021-06-24,2023-03-17
256,188,Christopher Wallace,Sales,Sales Representative,Temporary,2024-04-08,2025-04-08
258,189,Glenn Williams,Information Technology,Software Developer,Contract,2024-01-24,2026-01-24
261,191,Matthew Jacobson,Information Technology,Software Developer,Full-Time,2023-08-28,2024-06-15
266,195,Danielle Price,Finance,Financial Analyst,Part-Time,2025-01-17,2025-08-29
268,196,Melissa Allen,Operations,Operations Manager,Full-Time,2021-12-30,2023-07-15
270,197,Michael Bennett,Information Technology,Data Analyst,Part-Time,2022-09-22,2024-10-11
272,198,David Martinez,Information Technology,Software Developer,Contract,2022-05-05,2024-08-01
279,204,Jonathan Gibson,Finance,Financial Analyst,Contract,2021-03-06,2023-07-08
283,207,Heather Williams,Operations,Field Technician,Part-Time,2022-12-04,2024-10-19
291,214,Amy Avila,Finance,Financial Analyst,Part-Time,2021-02-21,2023-01-14
293,215,Kyle Montoya,Human Resources,HR Specialist,Temporary,2023-02-03,2023-10-23
296,217,Patricia Meyer,Finance,Financial Analyst,Full-Time,2021-11-17,2022-11-28
300,220,Mark Welch,Operations,Operations Manager,Part-Time,2022-01-11,2022-07-30
304,223,Thomas Wagner,Information Technology,Data Analyst,Temporary,2025-08-30,2027-01-18
308,226,Derek Simon,Information Technology,Data Analyst,Contract,2022-01-07,2024-04-02
310,227,Charles Jennings,Sales,Sales Representative,Contract,2023-08-08,2025-11-04
312,228,Samuel Rodriguez,Finance,Financial Analyst,Full-Time,2026-08-31,2028-06-24
314,229,Oscar English,Human Resources,HR Specialist,Contract,2022-05-09,2024-08-13
321,235,Tracy Guzman,Operations,Operations Manager,Full-Time,2022-04-30,2023-11-07
323,236,David Sanchez,Information Technology,Data Analyst,Temporary,2023-01-02,2025-04-21
326,238,Katherine Moore,Operations,Operations Manager,Contract,2023-12-13,2025-04-27
328,239,Shannon Padilla,Finance,Financial Analyst,Temporary,2021-12-13,2022-08-17
330,240,Katie Johnson,Human Resources,HR Specialist,Contract,2023-01-31,2025-01-17
334,243,Donald Mclaughlin,Operations,Operations Manager,Temporary,2021-12-24,2023-06-12
336,244,Dana Rivera,Sales,Sales Representative,Contract,2025-09-07,2027-05-29
348,255,Jerome Acevedo,Sales,Sales Representative,Full-Time,2024-01-25,2025-10-31
356,262,Carol Cook,Sales,Sales Representative,Part-Time,2022-10-03,2024-09-12
361,266,Matthew Alvarado,Operations,Operations Manager,Full-Time,2025-02-09,2026-01-11
364,268,Megan Hernandez,Human Resources,HR Specialist,Full-Time,2024-10-05,2027-01-18
369,272,Pamela Henderson,Sales,Sales Representative,Full-Time,2020-07-26,2022-06-04
371,273,Tyler Castillo,Operations,Operations Manager,Contract,2020-01-21,2022-01-12
374,275,Andrew Wagner,Finance,Financial Analyst,Full-Time,2025-01-03,2026-08-15
376,276,Carlos Flores,Human Resources,HR Specialist,Temporary,2025-03-20,2026-08-25
379,278,Ryan Herrera,Finance,Financial Analyst,Contract,2020-09-13,2022-06-09
381,279,Jill Johnson,Operations,Field Technician,Temporary,2022-02-20,2024-01-08
385,282,Andrew Gutierrez,Finance,Financial Analyst,Temporary,2022-03-03,2024-05-03
389,285,Thomas Washington,Finance,Financial Analyst,Contract,2024-12-20,2027-05-17
391,286,Sandra Wilson,Operations,Operations Manager,Full-Time,2024-08-10,2026-01-29
397,291,Linda Patterson,Finance,Financial Analyst,Contract,2020-09-28,2022-11-14
399,292,Michelle Martinez,Operations,Operations Manager,Full-Time,2024-11-03,2025-10-12
403,295,Julie Carey,Sales,Sales Representative,Contract,2023-07-05,2024-11-14
406,297,Erica Watts,Information Technology,Software Developer,Full-Time,2025-07-08,2027-10-25
408,298,Robert Fisher,Finance,Financial Analyst,Part-Time,2020-03-31,2021-06-23
416,305,Joshua Hickman,Sales,Sales Representative,Temporary,2025-03-04,2026-02-04
420,308,Jeremy Tucker,Finance,Financial Analyst,Contract,2023-04-05,2024-03-07
426,313,George Castaneda,Operations,Field Technician,Contract,2024-09-28,2026-11-25
430,316,Jennifer Myers,Operations,Field Technician,Full-Time,2022-02-21,2023-10-05
432,317,Walter Steele,Information Technology,Software Developer,Full-Time,2025-08-09,2026-03-15
435,319,Michael Bush,Information Technology,Data Analyst,Full-Time,2020-06-12,2022-05-03
440,323,Megan Esparza,Operations,Field Technician,Part-Time,2022-07-30,2023-03-18
444,326,Valerie Duncan,Sales,Sales Representative,Full-Time,2023-06-20,2024-05-12
447,328,Erica Parker,Information Technology,Data Analyst,Contract,2026-02-27,2028-03-02
452,332,Jason Williams,Finance,Financial Analyst,Full-Time,2021-05-03,2023-09-19
455,334,Jacob Hernandez,Information Technology,Data Analyst,Full-Time,2026-04-09,2028-08-19
458,336,Colton Jones,Sales,Sales Representative,Full-Time,2025-03-15,2027-06-04
460,337,Emma Bennett,Human Resources,HR Specialist,Part-Time,2025-10-10,2026-04-23
462,338,Scott White,Information Technology,Data Analyst,Part-Time,2024-06-12,2026-03-09
465,340,Jessica Black,Information Technology,Data Analyst,Temporary,2022-04-21,2023-07-01
468,342,Michael Williams,Finance,Financial Analyst,Full-Time,2020-04-18,2022-09-02
470,343,Sierra Trevino,Finance,Financial Analyst,Contract,2021-10-19,2022-11-27
473,345,Loretta Sanders,Finance,Financial Analyst,Contract,2020-12-19,2022-08-14
477,348,Teresa Ware,Sales,Sales Representative,Full-Time,2024-06-29,2025-03-24
479,349,Bonnie Watts,Operations,Operations Manager,Full-Time,2023-06-22,2025-11-15
483,352,Kristine Hernandez,Sales,Sales Representative,Part-Time,2025-09-28,2027-09-25
485,353,Amanda Preston,Operations,Operations Manager,Part-Time,2020-04-18,2021-06-19
487,354,Patrick Cook,Human Resources,HR Specialist,Full-Time,2020-10-07,2021-10-11
490,356,Lori Turner,Sales,Sales Representative,Part-Time,2023-09-07,2025-03-18
494,359,Thomas Skinner,Sales,Sales Representative,Full-Time,2021-01-10,2021-08-19
496,360,Steven Daugherty,Sales,Sales Representative,Full-Time,2024-11-02,2025-07-25
499,362,Daniel Cox,Information Technology,Data Analyst,Contract,2023-05-17,2025-03-20
501,363,Vanessa Brown,Human Resources,HR Specialist,Temporary,2025-11-19,2026-05-21
505,366,Natalie Jones,Human Resources,HR Specialist,Temporary,2023-11-26,2026-04-21
508,368,Andre Morrison,Sales,Sales Representative,Contract,2026-02-26,2028-07-30
511,370,Shane Long,Human Resources,HR Specialist,Contract,2026-10-13,2028-10-09
513,371,Dawn Howe,Sales,Sales Representative,Temporary,2024-08-13,2026-01-25
516,373,Casey Reeves,Sales,Sales Representative,Full-Time,2020-03-21,2020-11-06
518,374,Stacey Lang,Sales,Sales Representative,Contract,2023-11-01,2025-07-03
521,376,Michael Pugh,Sales,Sales Representative,Contract,2026-12-28,2027-10-20
531,385,Alyssa Lopez,Information Technology,Software Developer,Contract,2024-12-12,2027-03-04
534,387,Wendy Acevedo,Human Resources,HR Specialist,Contract,2021-01-05,2023-02-03
539,391,Craig Perez,Sales,Sales Representative,Full-Time,2026-08-11,2027-02-11
541,392,Lisa Dunn,Human Resources,HR Specialist,Full-Time,2024-05-17,2024-12-07
544,394,Ray Murphy,Finance,Financial Analyst,Full-Time,2022-11-28,2023-08-16
550,399,Vincent Strickland,Sales,Sales Representative,Contract,2020-10-19,2022-07-02
555,403,Travis Moore,Sales,Sales Representative,Temporary,2022-03-21,2024-04-08
557,404,Ethan Hodges,Sales,Sales Representative,Contract,2020-02-20,2021-09-28
559,405,David Freeman,Information Technology,Data Analyst,Contract,2023-09-25,2025-12-06
562,407,Steven Lane,Finance,Financial Analyst,Full-Time,2021-08-07,2023-06-17
569,413,Heather Brown,Information Technology,Software Developer,Part-Time,2025-02-10,2027-04-24
572,415,Andrew Williams,Human Resources,HR Specialist,Full-Time,2021-05-14,2021-12-09
581,423,Walter Collins,Finance,Financial Analyst,Part-Time,2021-07-09,2022-11-14
583,424,Janet Douglas,Operations,Operations Manager,Contract,2025-09-03,2027-06-12
585,425,John Perez,Information Technology,Software Developer,Full-Time,2020-10-13,2021-10-04
590,429,Stephen Allen,Finance,Financial Analyst,Contract,2025-03-20,2027-07-07
592,430,Terri Howell,Human Resources,HR Specialist,Temporary,2021-03-06,2023-06-12
597,434,Jennifer Horne,Information Technology,Data Analyst,Part-Time,2021-03-11,2021-09-10
604,440,Laura Cobb,Information Technology,Software Developer,Temporary,2022-06-08,2023-09-06
606,441,Daniel Winters,Sales,Sales Representative,Contract,2020-09-22,2021-10-08
609,443,Christy Fuller,Sales,Sales Representative,Temporary,2025-12-10,2026-07-10
611,444,Mary Taylor,Sales,Sales Representative,Contract,2023-07-22,2025-09-29
614,446,Katherine Davis,Human Resources,HR Specialist,Full-Time,2026-10-31,2027-12-03
616,447,Matthew Bautista,Operations,Field Technician,Full-Time,2022-03-07,2022-09-14
619,449,Allison King,Human Resources,HR Specialist,Full-Time,2024-05-13,2025-01-18
621,450,Timothy Wise,Finance,Financial Analyst,Contract,2024-07-25,2025-03-02
623,451,Sarah Hall,Finance,Financial Analyst,Contract,2026-06-05,2027-02-19
626,453,Brian Vance,Human Resources,HR Specialist,Contract,2021-02-05,2022-05-28
628,454,Stephanie Espinoza,Information Technology,Data Analyst,Contract,2020-11-07,2021-12-23
631,456,Tammy Freeman,Sales,Sales Representative,Temporary,2026-02-18,2027-04-16
634,458,Nathan Vance,Finance,Financial Analyst,Contract,2023-10-14,2024-05-31
636,459,Jamie Serrano,Sales,Sales Representative,Contract,2026-02-06,2027-08-02
640,462,Kelly Ortiz,Finance,Financial Analyst,Contract,2021-01-10,2022-10-05
647,468,Lisa Webb,Finance,Financial Analyst,Full-Time,2022-06-21,2023-07-11
649,469,Mary Williams,Information Technology,Software Developer,Temporary,2023-07-26,2025-12-05
651,470,Lauren Watson,Operations,Field Technician,Part-Time,2024-12-23,2025-10-18
654,472,Jeffrey Sawyer,Human Resources,HR Specialist,Part-Time,2022-07-07,2024-10-10
661,478,Steven Williams,Information Technology,Software Developer,Temporary,2022-10-20,2025-03-10
665,481,Heather Bonilla,Operations,Field Technician,Part-Time,2025-01-27,2027-01-30
670,485,Lisa Nguyen,Finance,Financial Analyst,Contract,2025-04-19,2027-01-31
672,486,Randy Smith,Sales,Sales Representative,Contract,2023-07-02,2024-09-16
677,490,Gloria Maldonado,Sales,Sales Representative,Part-Time,2024-05-17,2025-08-10
681,493,Jonathan Gonzalez,Information Technology,Software Developer,Temporary,2026-04-04,2027-04-23
683,494,Michelle Charles,Human Resources,HR Specialist,Contract,2022-03-19,2024-08-22
10,8,Jenny Cook,Human Resources,HR Specialist,Contract,2018-11-15,
14,11,Melissa Harris,Human Resources,HR Specialist,Full-Time,2020-06-25,
15,12,Benjamin Cole,Human Resources,HR Specialist,Part-Time,2019-06-21,
26,20,Amy Love,Human Resources,HR Specialist,Part-Time,2019-03-23,
48,36,Michael Mcdonald,Human Resources,HR Specialist,Full-Time,2021-11-03,
49,37,Wesley Jenkins,Human Resources,HR Specialist,Full-Time,2026-03-29,
65,48,Laurie Harrison,Human Resources,HR Specialist,Temporary,2026-09-22,
67,50,Courtney Mccall,Human Resources,HR Specialist,Temporary,2024-09-27,
68,51,Samantha Neal,Human Resources,HR Specialist,Full-Time,2025-04-13,
77,57,Benjamin Mcdonald,Human Resources,HR Specialist,Contract,2024-01-30,
79,58,Tonya Wilson,Human Resources,HR Specialist,Temporary,2028-04-13,
95,70,Luis Barry,Human Resources,HR Specialist,Contract,2026-02-14,
98,72,Tim Cook,Human Resources,HR Specialist,Contract,2024-02-04,
104,77,Frank Baker,Human Resources,HR Specialist,Temporary,2021-06-08,
109,82,Claire Jones,Human Resources,HR Specialist,Temporary,2023-12-01,
124,93,Denise Pruitt,Human Resources,HR Specialist,Temporary,2020-12-12,
147,111,Amy Mitchell,Human Resources,HR Specialist,Full-Time,2023-01-23,
153,114,Antonio Horn,Human Resources,HR Specialist,Part-Time,2025-04-15,
163,120,Emily Long,Human Resources,HR Specialist,Full-Time,2026-05-08,
171,126,Joshua Stanley,Human Resources,HR Specialist,Part-Time,2023-09-19,
183,135,Donald Johnson,Human Resources,HR Specialist,Temporary,2023-02-21,
185,136,Aaron Kim,Human Resources,HR Specialist,Full-Time,2023-02-12,
189,139,Danielle Wagner,Human Resources,HR Specialist,Full-Time,2024-02-12,
192,142,Kimberly Bradley,Human Resources,HR Specialist,Contract,2025-02-17,
197,145,Carla Collins,Human Resources,HR Specialist,Contract,2023-06-13,
201,148,Thomas Wyatt,Human Resources,HR Specialist,Temporary,2024-02-23,
218,161,Kim Anderson,Human Resources,HR Specialist,Temporary,2020-06-09,
246,179,Austin Bates,Human Resources,HR Specialist,Temporary,2028-08-08,
247,180,James Stokes,Human Resources,HR Specialist,Temporary,2026-04-06,
254,186,Justin King,Human Resources,HR Specialist,Contract,2024-09-28,
260,190,Judy Benton,Human Resources,HR Specialist,Temporary,2022-07-01,
263,192,Brenda Brooks,Human Resources,HR Specialist,Full-Time,2022-08-29,
274,199,Jordan Ramos,Human Resources,HR Specialist,Full-Time,2023-09-09,
276,201,Kevin Brown,Human Resources,HR Specialist,Temporary,2021-09-26,
278,203,Monique Fowler,Human Resources,HR Specialist,Full-Time,2026-02-26,
281,205,Terri Newman,Human Resources,HR Specialist,Contract,2023-01-09,
294,215,Kyle Montoya,Human Resources,HR Specialist,Temporary,2023-10-24,
299,219,Patricia Davis,Human Resources,HR Specialist,Part-Time,2023-04-12,
307,225,Robert Freeman,Human Resources,HR Specialist,Temporary,2026-10-29,
315,229,Oscar English,Human Resources,HR Specialist,Contract,2024-08-14,
317,231,Jonathan Randall,Human Resources,HR Specialist,Full-Time,2024-09-12,
320,234,Sarah Floyd,Human Resources,HR Specialist,Contract,2024-03-06,
331,240,Katie Johnson,Human Resources,HR Specialist,Contract,2025-01-18,
339,246,Amy Rasmussen,Human Resources,HR Specialist,Temporary,2022-11-09,
350,256,Denise Powell,Human Resources,HR Specialist,Full-Time,2022-02-13,
363,267,Melissa Olsen,Human Resources,HR Specialist,Contract,2026-09-14,
365,268,Megan Hernandez,Human Resources,HR Specialist,Full-Time,2027-01-19,
377,276,Carlos Flores,Human Resources,HR Specialist,Temporary,2026-08-26,
388,284,Shirley Flores,Human Resources,HR Specialist,Temporary,2025-05-26,
395,289,Jeffrey Hicks,Human Resources,HR Specialist,Contract,2026-07-25,
414,303,Gary Blake,Human Resources,HR Specialist,Part-Time,2020-06-20,
419,307,Kristy Kelley,Human Resources,HR Specialist,Full-Time,2022-12-01,
437,320,Roy Pollard,Human Resources,HR Specialist,Part-Time,2024-11-09,
438,321,James Mueller,Human Resources,HR Specialist,Contract,2022-06-01,
461,337,Emma Bennett,Human Resources,HR Specialist,Part-Time,2026-04-24,
464,339,Mike Wilson,Human Resources,HR Specialist,Full-Time,2020-10-16,
488,354,Patrick Cook,Human Resources,HR Specialist,Full-Time,2021-10-12,
492,357,Emily Wilson,Human Resources,HR Specialist,Part-Time,2021-06-16,
493,358,Jessica Hester,Human Resources,HR Specialist,Full-Time,2023-10-15,
498,361,Amber Smith,Human Resources,HR Specialist,Part-Time,2020-10-17,
502,363,Vanessa Brown,Human Resources,HR Specialist,Temporary,2026-05-22,
506,366,Natalie Jones,Human Resources,HR Specialist,Temporary,2026-04-22,
512,370,Shane Long,Human Resources,HR Specialist,Contract,2028-10-10,
520,375,Danny Cruz,Human Resources,HR Specialist,Part-Time,2024-03-31,
530,384,Kristen Johnson,Human Resources,HR Specialist,Part-Time,2025-04-28,
535,387,Wendy Acevedo,Human Resources,HR Specialist,Contract,2023-02-04,
542,392,Lisa Dunn,Human Resources,HR Specialist,Full-Time,2024-12-08,
549,398,Marie Ward,Human Resources,HR Specialist,Full-Time,2021-08-30,
573,415,Andrew Williams,Human Resources,HR Specialist,Full-Time,2021-12-10,
593,430,Terri Howell,Human Resources,HR Specialist,Temporary,2023-06-13,
596,433,Stephanie Powell,Human Resources,HR Specialist,Temporary,2026-03-23,
603,439,Paul Holt,Human Resources,HR Specialist,Part-Time,2024-06-01,
615,446,Katherine Davis,Human Resources,HR Specialist,Full-Time,2027-12-04,
620,449,Allison King,Human Resources,HR Specialist,Full-Time,2025-01-19,
627,453,Brian Vance,Human Resources,HR Specialist,Contract,2022-05-29,
642,463,Matthew Lynn,Human Resources,HR Specialist,Part-Time,2020-08-14,
643,464,Jennifer Martin,Human Resources,HR Specialist,Temporary,2020-03-21,
645,466,Robert Owen,Human Resources,HR Specialist,Temporary,2020-12-29,
646,467,Paul Salinas,Human Resources,HR Specialist,Full-Time,2020-06-23,
655,472,Jeffrey Sawyer,Human Resources,HR Specialist,Part-Time,2024-10-11,
659,476,Amanda Miles,Human Resources,HR Specialist,Part-Time,2026-04-28,
667,482,Jordan Brooks,Human Resources,HR Specialist,Full-Time,2020-03-29,
669,484,Nicholas Williams,Human Resources,HR Specialist,Contract,2023-01-29,
684,494,Michelle Charles,Human Resources,HR Specialist,Contract,2024-08-23,
685,495,Keith Stewart,Human Resources,HR Specialist,Full-Time,2021-03-10,
686,496,Joshua Foster,Human Resources,HR Specialist,Full-Time,2023-08-09,
11,9,Paul Thompson,Information Technology,Software Developer,Temporary,2017-02-22,
34,26,Alicia Dorsey,Information Technology,Software Developer,Part-Time,2023-08-09,
42,31,Jessica Durham,Information Technology,Software Developer,Contract,2027-07-26,
51,39,James Owens,Information Technology,Software Developer,Temporary,2025-11-12,
58,44,Donald Lawrence,Information Technology,Software Developer,Contract,2023-07-20,
94,69,Nicholas Hernandez,Information Technology,Software Developer,Part-Time,2026-04-30,
110,83,Abigail Jackson,Information Technology,Software Developer,Full-Time,2023-07-05,
122,91,Kevin Hall,Information Technology,Software Developer,Full-Time,2026-08-22,
130,98,Jeff Hart,Information Technology,Software Developer,Temporary,2022-05-18,
141,107,Richard Chan,Information Technology,Software Developer,Temporary,2026-04-28,
151,113,Ellen Bailey,Information Technology,Software Developer,Contract,2028-07-06,
167,123,Kelsey Heath,Information Technology,Software Developer,Temporary,2021-02-20,
175,129,Darren Curry,Information Technology,Software Developer,Part-Time,2021-05-02,
181,134,Samantha Hill,Information Technology,Software Developer,Contract,2025-02-25,
210,155,Michele Austin,Information Technology,Software Developer,Part-Time,2026-04-27,
213,157,David Adkins,Information Technology,Software Developer,Part-Time,2025-09-25,
228,167,Christopher Vance,Information Technology,Software Developer,Temporary,2025-12-28,
230,168,Tammy Macias,Information Technology,Software Developer,Full-Time,2022-01-14,
259,189,Glenn Williams,Information Technology,Software Developer,Contract,2026-01-25,
262,191,Matthew Jacobson,Information Technology,Software Developer,Full-Time,2024-06-16,
273,198,David Martinez,Information Technology,Software Developer,Contract,2024-08-02,
286,209,Nathan Robertson,Information Technology,Software Developer,Temporary,2022-06-13,
287,210,Kathy Mendoza,Information Technology,Software Developer,Contract,2022-02-12,
393,287,Christopher Owens,Information Technology,Software Developer,Temporary,2024-02-05,
402,294,Larry Evans,Information Technology,Software Developer,Temporary,2020-11-26,
407,297,Erica Watts,Information Technology,Software Developer,Full-Time,2027-10-26,
410,299,Dylan Robles,Information Technology,Software Developer,Temporary,2026-01-09,
429,315,Monica Robles,Information Technology,Software Developer,Contract,2022-02-27,
433,317,Walter Steele,Information Technology,Software Developer,Full-Time,2026-03-16,
532,385,Alyssa Lopez,Information Technology,Software Developer,Contract,2027-03-05,
536,388,Connor Howard,Information Technology,Software Developer,Contract,2026-09-10,
537,389,Kenneth Rivera,Information Technology,Software Developer,Contract,2023-02-16,
554,402,Justin Carter,Information Technology,Software Developer,Part-Time,2024-12-27,
570,413,Heather Brown,Information Technology,Software Developer,Part-Time,2027-04-25,
571,414,William Ramirez,Information Technology,Software Developer,Part-Time,2020-04-03,
578,420,Sophia Hendricks,Information Technology,Software Developer,Contract,2021-02-05,
586,425,John Perez,Information Technology,Software Developer,Full-Time,2021-10-05,
595,432,Taylor Harrison,Information Technology,Software Developer,Contract,2022-08-14,
599,435,Vanessa Hickman,Information Technology,Software Developer,Full-Time,2026-08-12,
602,438,Traci Mcdaniel,Information Technology,Software Developer,Part-Time,2024-11-27,
605,440,Laura Cobb,Information Technology,Software Developer,Temporary,2023-09-07,
650,469,Mary Williams,Information Technology,Software Developer,Temporary,2025-12-06,
662,478,Steven Williams,Information Technology,Software Developer,Temporary,2025-03-11,
682,493,Jonathan Gonzalez,Information Technology,Software Developer,Temporary,2027-04-24,
687,497,Samuel Hutchinson,Information Technology,Software Developer,Temporary,2021-07-19,
3,2,Mark Baker,Information Technology,Data Analyst,Full-Time,2020-11-21,
9,7,Travis Wheeler,Information Technology,Data Analyst,Part-Time,2018-11-22,
16,13,Nicole Smith,Information Technology,Data Analyst,Full-Time,2020-12-23,
31,24,Tracie Jones,Information Technology,Data Analyst,Contract,2021-04-22,
50,38,Terri Bright,Information Technology,Data Analyst,Temporary,2020-12-05,
57,43,Philip Marshall,Information Technology,Data Analyst,Temporary,2023-12-25,
63,47,Sandra Riley,Information Technology,Data Analyst,Contract,2025-03-23,
80,59,Ronald Oconnor,Information Technology,Data Analyst,Contract,2020-04-15,
103,76,Bradley Clark,Information Technology,Data Analyst,Full-Time,2023-02-26,
107,80,William Hancock,Information Technology,Data Analyst,Part-Time,2020-06-19,
114,85,Lisa Young,Information Technology,Data Analyst,Full-Time,2022-06-18,
139,105,Billy Patton,Information Technology,Data Analyst,Temporary,2023-05-28,
145,110,Leonard West,Information Technology,Data Analyst,Full-Time,2027-07-17,
162,119,Tamara Gould,Information Technology,Data Analyst,Temporary,2021-07-02,
174,128,Deborah Lane,Information Technology,Data Analyst,Temporary,2022-09-07,
180,133,Daniel Green,Information Technology,Data Analyst,Full-Time,2025-11-22,
200,147,Kimberly Curry,Information Technology,Data Analyst,Temporary,2027-02-21,
207,152,Kenneth Henderson,Information Technology,Data Analyst,Part-Time,2022-08-11,
214,158,Matthew Snyder,Information Technology,Data Analyst,Temporary,2025-05-28,
240,175,Frank Rodriguez,Information Technology,Data Analyst,Temporary,2025-10-20,
253,185,Carol Marshall,Information Technology,Data Analyst,Temporary,2025-01-11,
264,193,Amanda Jordan,Information Technology,Data Analyst,Part-Time,2022-03-23,
271,197,Michael Bennett,Information Technology,Data Analyst,Part-Time,2024-10-12,
295,216,Jeffrey Brooks,Information Technology,Data Analyst,Part-Time,2021-11-20,
305,223,Thomas Wagner,Information Technology,Data Analyst,Temporary,2027-01-19,
309,226,Derek Simon,Information Technology,Data Analyst,Contract,2024-04-03,
316,230,Laurie Morton,Information Technology,Data Analyst,Contract,2023-08-25,
324,236,David Sanchez,Information Technology,Data Analyst,Temporary,2025-04-22,
355,261,Monica Mcbride,Information Technology,Data Analyst,Full-Time,2023-01-04,
373,274,Joshua Reid,Information Technology,Data Analyst,Part-Time,2024-05-02,
387,283,Cheryl Mckinney,Information Technology,Data Analyst,Part-Time,2026-12-14,
422,309,Maxwell Soto,Information Technology,Data Analyst,Contract,2026-03-17,
423,310,Christian Cowan,Information Technology,Data Analyst,Full-Time,2026-09-27,
436,319,Michael Bush,Information Technology,Data Analyst,Full-Time,2022-05-04,
448,328,Erica Parker,Information Technology,Data Analyst,Contract,2028-03-03,
456,334,Jacob Hernandez,Information Technology,Data Analyst,Full-Time,2028-08-20,
463,338,Scott White,Information Technology,Data Analyst,Part-Time,2026-03-10,
466,340,Jessica Black,Information Technology,Data Analyst,Temporary,2023-07-02,
500,362,Daniel Cox,Information Technology,Data Analyst,Contract,2025-03-21,
547,396,Michelle Anderson,Information Technology,Data Analyst,Part-Time,2024-12-01,
548,397,Mary Tucker,Information Technology,Data Analyst,Part-Time,2021-04-07,
553,401,Richard Hayes,Information Technology,Data Analyst,Contract,2022-09-29,
560,405,David Freeman,Information Technology,Data Analyst,Contract,2025-12-07,
564,408,Francisco Norris,Information Technology,Data Analyst,Part-Time,2026-01-16,
568,412,Kenneth Smith,Information Technology,Data Analyst,Temporary,2022-02-10,
587,426,Kenneth Clark,Information Technology,Data Analyst,Contract,2024-08-23,
598,434,Jennifer Horne,Information Technology,Data Analyst,Part-Time,2021-09-11,
629,454,Stephanie Espinoza,Information Technology,Data Analyst,Contract,2021-12-24,
653,471,Sara Chambers,Information Technology,Data Analyst,Temporary,2026-11-02,
676,489,William Gordon,Information Technology,Data Analyst,Contract,2025-08-14,
2,1,Kevin Miller,Finance,Financial Analyst,Contract,2020-01-02,
6,5,Tricia Stephens,Finance,Financial Analyst,Full-Time,2017-06-22,
13,10,Jill Romero,Finance,Financial Analyst,Temporary,2020-02-16,
20,16,Michael Shaffer,Finance,Financial Analyst,Full-Time,2019-01-04,
25,19,Alicia Fisher,Finance,Financial Analyst,Part-Time,2018-11-21,
33,25,Desiree Medina,Finance,Financial Analyst,Contract,2021-10-19,
35,27,Luke Malone,Finance,Financial Analyst,Contract,2020-01-01,
36,28,Victor Roth,Finance,Financial Analyst,Temporary,2025-06-21,
43,32,Brian Roberts,Finance,Financial Analyst,Temporary,2020-03-19,
47,35,Craig Nelson,Finance,Financial Analyst,Part-Time,2023-04-29,
56,42,Thomas Lee,Finance,Financial Analyst,Full-Time,2024-08-01,
72,54,Evelyn Burton,Finance,Financial Analyst,Part-Time,2025-06-24,
83,62,Leslie Carter,Finance,Financial Analyst,Contract,2024-09-27,
99,73,Mike Henry,Finance,Financial Analyst,Full-Time,2020-10-24,
108,81,Ronald Dunlap,Finance,Financial Analyst,Full-Time,2026-01-27,
119,89,Ruben Summers,Finance,Financial Analyst,Part-Time,2024-07-05,
125,94,Lisa Marsh,Finance,Financial Analyst,Part-Time,2021-06-14,
127,96,Courtney Martin,Finance,Financial Analyst,Part-Time,2022-08-21,
133,100,Courtney Smith,Finance,Financial Analyst,Full-Time,2024-12-29,
155,115,Kevin Simon,Finance,Financial Analyst,Temporary,2024-06-12,
166,122,Jared Holt,Finance,Financial Analyst,Full-Time,2021-09-26,
190,140,Tyler Taylor,Finance,Financial Analyst,Temporary,2026-07-08,
191,141,Daniel Lamb,Finance,Financial Analyst,Contract,2024-04-25,
195,144,John Buchanan,Finance,Financial Analyst,Part-Time,2026-10-12,
203,149,Kelly Wu,Finance,Financial Analyst,Contract,2027-10-14,
204,150,Kenneth Fields,Finance,Financial Analyst,Temporary,2023-06-22,
209,154,Deborah Baker,Finance,Financial Analyst,Temporary,2022-11-19,
212,156,Deanna Meyers,Finance,Financial Analyst,Part-Time,2022-06-12,
216,159,Eric Avila,Finance,Financial Analyst,Temporary,2028-03-12,
238,174,Richard Mckinney,Finance,Financial Analyst,Full-Time,2023-09-18,
242,177,Sean Frost,Finance,Financial Analyst,Full-Time,2022-10-26,
244,178,Michelle Brewer,Finance,Financial Analyst,Contract,2027-09-02,
248,181,Gregory Davis,Finance,Financial Analyst,Temporary,2024-09-23,
252,184,Benjamin Cox,Finance,Financial Analyst,Full-Time,2023-03-18,
265,194,Robert Lopez,Finance,Financial Analyst,Part-Time,2021-07-08,
267,195,Danielle Price,Finance,Financial Analyst,Part-Time,2025-08-30,
280,204,Jonathan Gibson,Finance,Financial Analyst,Contract,2023-07-09,
292,214,Amy Avila,Finance,Financial Analyst,Part-Time,2023-01-15,
297,217,Patricia Meyer,Finance,Financial Analyst,Full-Time,2022-11-29,
303,222,Brandon Armstrong,Finance,Financial Analyst,Contract,2023-08-26,
313,228,Samuel Rodriguez,Finance,Financial Analyst,Full-Time,2028-06-25,
319,233,Erin Branch,Finance,Financial Analyst,Contract,2020-09-07,
329,239,Shannon Padilla,Finance,Financial Analyst,Temporary,2022-08-18,
333,242,Heather Yang,Finance,Financial Analyst,Temporary,2021-04-29,
354,260,Jeremy Cooper,Finance,Financial Analyst,Temporary,2022-07-10,
367,270,Angela Lynch,Finance,Financial Analyst,Full-Time,2020-09-29,
375,275,Andrew Wagner,Finance,Financial Analyst,Full-Time,2026-08-16,
378,277,Amy Higgins,Finance,Financial Analyst,Contract,2025-09-07,
380,278,Ryan Herrera,Finance,Financial Analyst,Contract,2022-06-10,
383,280,Pamela Smith,Finance,Financial Analyst,Contract,2025-01-25,
386,282,Andrew Gutierrez,Finance,Financial Analyst,Temporary,2024-05-04,
390,285,Thomas Washington,Finance,Financial Analyst,Contract,2027-05-18,
394,288,Kenneth Cervantes,Finance,Financial Analyst,Contract,2026-09-24,
398,291,Linda Patterson,Finance,Financial Analyst,Contract,2022-11-15,
409,298,Robert Fisher,Finance,Financial Analyst,Part-Time,2021-06-24,
411,300,Kevin Becker,Finance,Financial Analyst,Temporary,2020-07-13,
412,301,Scott Soto,Finance,Financial Analyst,Contract,2024-04-16,
421,308,Jeremy Tucker,Finance,Financial Analyst,Contract,2024-03-08,
424,311,Nathan Wiley,Finance,Financial Analyst,Temporary,2020-04-23,
439,322,John Carpenter,Finance,Financial Analyst,Full-Time,2022-08-13,
442,324,Kathy Ross,Finance,Financial Analyst,Part-Time,2025-03-16,
449,329,Jeremy Rodriguez,Finance,Financial Analyst,Temporary,2025-07-05,
453,332,Jason Williams,Finance,Financial Analyst,Full-Time,2023-09-20,
454,333,Jill Bridges,Finance,Financial Analyst,Full-Time,2020-12-23,
467,341,Rebecca Pierce,Finance,Financial Analyst,Temporary,2025-08-08,
469,342,Michael Williams,Finance,Financial Analyst,Full-Time,2022-09-03,
471,343,Sierra Trevino,Finance,Financial Analyst,Contract,2022-11-28,
474,345,Loretta Sanders,Finance,Financial Analyst,Contract,2022-08-15,
481,350,Julie Bowers,Finance,Financial Analyst,Contract,2021-04-28,
482,351,Jared Tate,Finance,Financial Analyst,Temporary,2022-06-24,
489,355,Roy Cross,Finance,Financial Analyst,Full-Time,2020-04-08,
504,365,Alexander Thornton,Finance,Financial Analyst,Contract,2026-04-26,
507,367,Catherine Campbell,Finance,Financial Analyst,Contract,2023-02-26,
515,372,Kristina Mitchell,Finance,Financial Analyst,Temporary,2022-03-20,
527,381,Darren Moore,Finance,Financial Analyst,Temporary,2025-10-09,
528,382,Brooke Harper,Finance,Financial Analyst,Part-Time,2022-06-16,
538,390,Robin Nelson,Finance,Financial Analyst,Full-Time,2022-02-26,
545,394,Ray Murphy,Finance,Financial Analyst,Full-Time,2023-08-17,
546,395,Joshua Santiago,Finance,Financial Analyst,Part-Time,2024-07-31,
561,406,Anthony Black,Finance,Financial Analyst,Full-Time,2021-12-10,
563,407,Steven Lane,Finance,Financial Analyst,Full-Time,2023-06-18,
566,410,Marie Rodriguez,Finance,Financial Analyst,Contract,2021-12-11,
580,422,Margaret Gray,Finance,Financial Analyst,Temporary,2023-04-02,
582,423,Walter Collins,Finance,Financial Analyst,Part-Time,2022-11-15,
588,427,Thomas Davis,Finance,Financial Analyst,Full-Time,2025-12-20,
589,428,Margaret Sullivan,Finance,Financial Analyst,Temporary,2020-07-22,
591,429,Stephen Allen,Finance,Financial Analyst,Contract,2027-07-08,
594,431,Danielle Dixon,Finance,Financial Analyst,Full-Time,2021-11-17,
600,436,Heather Gordon,Finance,Financial Analyst,Part-Time,2026-01-22,
613,445,Sally Johnson,Finance,Financial Analyst,Full-Time,2026-06-24,
622,450,Timothy Wise,Finance,Financial Analyst,Contract,2025-03-03,
624,451,Sarah Hall,Finance,Financial Analyst,Contract,2027-02-20,
635,458,Nathan Vance,Finance,Financial Analyst,Contract,2024-06-01,
638,460,Matthew Jackson,Finance,Financial Analyst,Temporary,2024-07-18,
641,462,Kelly Ortiz,Finance,Financial Analyst,Contract,2022-10-06,
648,468,Lisa Webb,Finance,Financial Analyst,Full-Time,2023-07-12,
668,483,Erika Nunez,Finance,Financial Analyst,Part-Time,2025-02-03,
671,485,Lisa Nguyen,Finance,Financial Analyst,Contract,2027-02-01,
674,487,Janice Ware,Finance,Financial Analyst,Temporary,2020-10-08,
688,498,Catherine Wagner,Finance,Financial Analyst,Full-Time,2020-03-15,
689,499,Brett Khan,Finance,Financial Analyst,Part-Time,2025-12-19,
18,14,Richard Dudley,Operations,Field Technician,Part-Time,2021-07-08,
30,23,Christopher Scott,Operations,Field Technician,Full-Time,2026-04-14,
44,33,Ashley Thompson,Operations,Field Technician,Temporary,2025-08-12,
74,55,Angela Dixon,Operations,Field Technician,Contract,2025-05-05,
75,56,Cheryl Branch,Operations,Field Technician,Full-Time,2020-06-04,
91,67,Anne Stevens,Operations,Field Technician,Full-Time,2027-11-08,
101,74,Joanne Dodson,Operations,Field Technician,Temporary,2024-08-18,
102,75,Jonathan Santos,Operations,Field Technician,Temporary,2026-05-13,
117,87,Jackie Carroll,Operations,Field Technician,Contract,2026-06-30,
120,90,Sharon Hunter,Operations,Field Technician,Part-Time,2022-11-13,
126,95,Stephanie Anthony,Operations,Field Technician,Contract,2024-06-23,
136,102,Andrew Hamilton,Operations,Field Technician,Part-Time,2027-01-11,
149,112,Elizabeth White,Operations,Field Technician,Part-Time,2027-06-27,
178,131,Paula Wood,Operations,Field Technician,Part-Time,2023-09-23,
188,138,Jocelyn Clarke,Operations,Field Technician,Part-Time,2025-06-23,
193,143,Alexandra Weaver,Operations,Field Technician,Contract,2025-09-22,
223,164,James Brown,Operations,Field Technician,Part-Time,2022-11-06,
231,169,John Warner,Operations,Field Technician,Contract,2026-11-19,
232,170,Michelle Kirby,Operations,Field Technician,Full-Time,2022-04-13,
284,207,Heather Williams,Operations,Field Technician,Part-Time,2024-10-20,
288,211,Erin Roberson,Operations,Field Technician,Temporary,2021-08-07,
290,213,Joshua Thomas,Operations,Field Technician,Full-Time,2025-12-03,
340,247,Brandon Hopkins,Operations,Field Technician,Part-Time,2023-09-19,
341,248,Juan Melton,Operations,Field Technician,Temporary,2026-03-08,
343,250,Cathy Ward,Operations,Field Technician,Contract,2022-01-11,
360,265,William Decker,Operations,Field Technician,Full-Time,2024-02-03,
368,271,Dwayne Parks,Operations,Field Technician,Contract,2022-09-01,
382,279,Jill Johnson,Operations,Field Technician,Temporary,2024-01-09,
384,281,Justin Long,Operations,Field Technician,Full-Time,2024-11-16,
413,302,Ashley Stevens,Operations,Field Technician,Temporary,2022-08-23,
418,306,Michael Tapia,Operations,Field Technician,Temporary,2024-10-09,
427,313,George Castaneda,Operations,Field Technician,Contract,2026-11-26,
431,316,Jennifer Myers,Operations,Field Technician,Full-Time,2023-10-06,
434,318,Johnny Cobb,Operations,Field Technician,Part-Time,2024-07-15,
441,323,Megan Esparza,Operations,Field Technician,Part-Time,2023-03-19,
450,330,Carol Williamson,Operations,Field Technician,Contract,2026-08-23,
525,379,Rebecca Scott,Operations,Field Technician,Temporary,2020-11-24,
526,380,Donna Santiago,Operations,Field Technician,Temporary,2020-11-24,
552,400,Barbara Campos,Operations,Field Technician,Part-Time,2026-06-26,
567,411,Jennifer Nicholson,Operations,Field Technician,Contract,2022-01-28,
574,416,Christine Spencer,Operations,Field Technician,Temporary,2023-10-20,
617,447,Matthew Bautista,Operations,Field Technician,Full-Time,2022-09-15,
618,448,Diana Schmidt,Operations,Field Technician,Contract,2023-04-18,
652,470,Lauren Watson,Operations,Field Technician,Part-Time,2025-10-19,
656,473,Michael Gill,Operations,Field Technician,Contract,2021-01-01,
666,481,Heather Bonilla,Operations,Field Technician,Part-Time,2027-01-31,
675,488,Jacqueline Murphy,Operations,Field Technician,Contract,2020-12-12,
4,3,Ian Lyons,Operations,Operations Manager,Temporary,2020-10-02,
7,6,Joseph Archer,Operations,Operations Manager,Temporary,2020-02-19,
55,41,Jessica Horton,Operations,Operations Manager,Temporary,2022-01-21,
60,45,Tony Hess,Operations,Operations Manager,Contract,2023-12-07,
66,49,Melissa Matthews,Operations,Operations Manager,Contract,2023-07-03,
84,63,Nathaniel Johnson,Operations,Operations Manager,Temporary,2022-04-16,
86,64,Steven White,Operations,Operations Manager,Temporary,2025-12-17,
88,65,Linda King,Operations,Operations Manager,Temporary,2023-09-11,
89,66,James Romero,Operations,Operations Manager,Contract,2022-10-04,
112,84,Raymond Santos,Operations,Operations Manager,Temporary,2025-10-03,
131,99,Sharon Johnson,Operations,Operations Manager,Part-Time,2021-03-07,
134,101,William Oconnor,Operations,Operations Manager,Temporary,2025-05-29,
138,104,Justin Hernandez,Operations,Operations Manager,Contract,2025-09-25,
140,106,Thomas Gibson,Operations,Operations Manager,Temporary,2021-01-26,
159,117,David Hughes,Operations,Operations Manager,Contract,2023-10-30,
164,121,Melissa Torres,Operations,Operations Manager,Part-Time,2021-07-08,
205,151,Chad Richardson,Operations,Operations Manager,Part-Time,2026-04-06,
220,162,Rachel Bailey,Operations,Operations Manager,Temporary,2025-09-02,
221,163,Tammy Gay,Operations,Operations Manager,Part-Time,2021-10-24,
237,173,Erin Grant,Operations,Operations Manager,Temporary,2024-04-05,
275,200,Antonio Greer,Operations,Operations Manager,Temporary,2021-01-19,
282,206,Kaitlin Garner,Operations,Operations Manager,Part-Time,2025-11-30,
289,212,Brian Hart,Operations,Operations Manager,Temporary,2025-05-28,
301,220,Mark Welch,Operations,Operations Manager,Part-Time,2022-07-31,
302,221,Jeremy Salazar,Operations,Operations Manager,Part-Time,2022-05-24,
325,237,Christopher Thornton,Operations,Operations Manager,Part-Time,2022-02-26,
327,238,Katherine Moore,Operations,Operations Manager,Contract,2025-04-28,
335,243,Donald Mclaughlin,Operations,Operations Manager,Temporary,2023-06-13,
338,245,William Mcclure,Operations,Operations Manager,Contract,2022-07-16,
344,251,Michael Smith,Operations,Operations Manager,Part-Time,2024-03-10,
352,258,Bill Johnson,Operations,Operations Manager,Part-Time,2026-11-02,
353,259,Ashley Holloway,Operations,Operations Manager,Part-Time,2022-02-15,
359,264,Jeffrey Tate,Operations,Operations Manager,Temporary,2021-04-10,
372,273,Tyler Castillo,Operations,Operations Manager,Contract,2022-01-13,
425,312,William Pace,Operations,Operations Manager,Part-Time,2020-05-17,
446,327,Misty Bailey,Operations,Operations Manager,Contract,2025-01-15,
472,344,Timothy Hill,Operations,Operations Manager,Part-Time,2024-04-25,
476,347,Amy Guerra,Operations,Operations Manager,Temporary,2021-12-11,
486,353,Amanda Preston,Operations,Operations Manager,Part-Time,2021-06-20,
584,424,Janet Douglas,Operations,Operations Manager,Contract,2027-06-13,
660,477,Diamond Garcia,Operations,Operations Manager,Temporary,2023-04-01,
105,78,Daniel Houston,Operations,Operations Manager,Full-Time,2021-07-15,
118,88,Travis Sloan,Operations,Operations Manager,Full-Time,2020-01-19,
241,176,Jerome Raymond,Operations,Operations Manager,Full-Time,2023-10-15,
250,183,Erica Moore,Operations,Operations Manager,Full-Time,2024-12-20,
269,196,Melissa Allen,Operations,Operations Manager,Full-Time,2023-07-16,
322,235,Tracy Guzman,Operations,Operations Manager,Full-Time,2023-11-08,
362,266,Matthew Alvarado,Operations,Operations Manager,Full-Time,2026-01-12,
392,286,Sandra Wilson,Operations,Operations Manager,Full-Time,2026-01-30,
396,290,John Charles,Operations,Operations Manager,Full-Time,2023-02-22,
400,292,Michelle Martinez,Operations,Operations Manager,Full-Time,2025-10-13,
401,293,Jennifer Hernandez,Operations,Operations Manager,Full-Time,2026-12-20,
451,331,Paul Taylor,Operations,Operations Manager,Full-Time,2024-01-19,
480,349,Bonnie Watts,Operations,Operations Manager,Full-Time,2025-11-16,
523,377,Andrew Cantu,Operations,Operations Manager,Full-Time,2024-07-03,
565,409,Todd Murray,Operations,Operations Manager,Full-Time,2026-09-27,
601,437,Wendy West,Operations,Operations Manager,Full-Time,2026-03-27,
639,461,Valerie Sanders,Operations,Operations Manager,Full-Time,2023-09-18,
664,480,Tonya Leon,Operations,Operations Manager,Full-Time,2022-06-19,
27,21,George Robinson,Sales,Sales Representative,Temporary,2025-01-26,
28,22,Anthony Snyder,Sales,Sales Representative,Temporary,2026-11-04,
38,29,Christopher Davis,Sales,Sales Representative,Temporary,2024-11-21,
70,53,Anthony Butler,Sales,Sales Representative,Temporary,2021-03-31,
81,60,Michele White,Sales,Sales Representative,Temporary,2026-05-06,
92,68,Cindy Coleman,Sales,Sales Representative,Temporary,2021-06-18,
96,71,Jocelyn Walker,Sales,Sales Representative,Temporary,2025-11-06,
129,97,Michael Henry,Sales,Sales Representative,Temporary,2023-02-15,
179,132,Anthony Shelton,Sales,Sales Representative,Temporary,2022-07-21,
198,146,Gabriel Baldwin,Sales,Sales Representative,Temporary,2020-05-14,
257,188,Christopher Wallace,Sales,Sales Representative,Temporary,2025-04-09,
306,224,Sara Jackson,Sales,Sales Representative,Temporary,2026-10-19,
351,257,Steven Santos,Sales,Sales Representative,Temporary,2022-02-06,
417,305,Joshua Hickman,Sales,Sales Representative,Temporary,2026-02-05,
428,314,David Thompson,Sales,Sales Representative,Temporary,2026-06-25,
457,335,Breanna Moss,Sales,Sales Representative,Temporary,2024-01-20,
503,364,Natalie Hamilton,Sales,Sales Representative,Temporary,2023-10-01,
510,369,Amanda Rodriguez,Sales,Sales Representative,Temporary,2024-09-26,
514,371,Dawn Howe,Sales,Sales Representative,Temporary,2026-01-26,
529,383,John Ryan,Sales,Sales Representative,Temporary,2020-07-17,
556,403,Travis Moore,Sales,Sales Representative,Temporary,2024-04-09,
610,443,Christy Fuller,Sales,Sales Representative,Temporary,2026-07-11,
632,456,Tammy Freeman,Sales,Sales Representative,Temporary,2027-04-17,
5,4,Wesley Lloyd,Sales,Sales Representative,Part-Time,2018-03-19,
19,15,Brenda Odom,Sales,Sales Representative,Part-Time,2018-07-02,
23,18,Karen Richardson,Sales,Sales Representative,Part-Time,2022-07-12,
46,34,Kimberly Gutierrez,Sales,Sales Representative,Part-Time,2024-09-27,
62,46,Justin Mckay,Sales,Sales Representative,Part-Time,2028-07-10,
106,79,Ashley Ramirez,Sales,Sales Representative,Part-Time,2022-01-10,
116,86,Kimberly Lee,Sales,Sales Representative,Part-Time,2021-11-18,
168,124,Brian Sanchez,Sales,Sales Representative,Part-Time,2024-04-18,
172,127,Tanya Jimenez,Sales,Sales Representative,Part-Time,2021-09-30,
186,137,Ashley Mccann,Sales,Sales Representative,Part-Time,2021-12-12,
217,160,Anna Ali,Sales,Sales Representative,Part-Time,2022-04-01,
225,165,Ralph Barron,Sales,Sales Representative,Part-Time,2021-08-09,
234,171,Derek Stewart,Sales,Sales Representative,Part-Time,2025-07-09,
236,172,Rachel Smith,Sales,Sales Representative,Part-Time,2025-12-31,
249,182,Karen Donaldson,Sales,Sales Representative,Part-Time,2020-09-05,
255,187,Joshua Thompson,Sales,Sales Representative,Part-Time,2022-04-06,
298,218,Melissa Davis,Sales,Sales Representative,Part-Time,2026-12-28,
357,262,Carol Cook,Sales,Sales Representative,Part-Time,2024-09-13,
405,296,Robert Holden,Sales,Sales Representative,Part-Time,2021-07-24,
415,304,Jill Hernandez,Sales,Sales Representative,Part-Time,2021-01-06,
484,352,Kristine Hernandez,Sales,Sales Representative,Part-Time,2027-09-26,
491,356,Lori Turner,Sales,Sales Representative,Part-Time,2025-03-19,
524,378,Jessica Hunter,Sales,Sales Representative,Part-Time,2022-12-01,
644,465,Manuel Griffith,Sales,Sales Representative,Part-Time,2026-12-26,
678,490,Gloria Maldonado,Sales,Sales Representative,Part-Time,2025-08-11,
82,61,Eric Tanner,Sales,Sales Representative,Full-Time,2026-02-28,
142,108,Shelia Beard,Sales,Sales Representative,Full-Time,2022-08-17,
143,109,Aaron Oneal,Sales,Sales Representative,Full-Time,2026-08-15,
161,118,Anita Davis,Sales,Sales Representative,Full-Time,2024-08-16,
346,253,David Kelly,Sales,Sales Representative,Full-Time,2021-08-25,
347,254,Madison Rodriguez,Sales,Sales Representative,Full-Time,2023-11-16,
349,255,Jerome Acevedo,Sales,Sales Representative,Full-Time,2025-11-01,
366,269,Savannah Rodriguez,Sales,Sales Representative,Full-Time,2026-11-03,
370,272,Pamela Henderson,Sales,Sales Representative,Full-Time,2022-06-05,
445,326,Valerie Duncan,Sales,Sales Representative,Full-Time,2024-05-13,
459,336,Colton Jones,Sales,Sales Representative,Full-Time,2027-06-05,
475,346,Joy Mcintyre,Sales,Sales Representative,Full-Time,2023-11-13,
478,348,Teresa Ware,Sales,Sales Representative,Full-Time,2025-03-25,
495,359,Thomas Skinner,Sales,Sales Representative,Full-Time,2021-08-20,
497,360,Steven Daugherty,Sales,Sales Representative,Full-Time,2025-07-26,
517,373,Casey Reeves,Sales,Sales Representative,Full-Time,2020-11-07,
533,386,Michael Olsen,Sales,Sales Representative,Full-Time,2024-01-02,
540,391,Craig Perez,Sales,Sales Representative,Full-Time,2027-02-12,
543,393,Gregory Phillips,Sales,Sales Representative,Full-Time,2023-03-10,
575,417,Donald Lopez,Sales,Sales Representative,Full-Time,2026-05-08,
576,418,Joseph Powell,Sales,Sales Representative,Full-Time,2026-01-24,
608,442,Ronald Gross,Sales,Sales Representative,Full-Time,2022-12-04,
625,452,Tyler Mccarthy,Sales,Sales Representative,Full-Time,2024-08-19,
630,455,Rachel Robinson,Sales,Sales Representative,Full-Time,2025-12-27,
633,457,Gabriel Williams,Sales,Sales Representative,Full-Time,2021-04-15,
657,474,Kendra Torres,Sales,Sales Representative,Full-Time,2021-05-23,
658,475,Justin Knox,Sales,Sales Representative,Full-Time,2021-06-29,
21,17,Debra Pratt,Sales,Sales Representative,Contract,2018-09-11,
40,30,Teresa James,Sales,Sales Representative,Contract,2026-11-14,
53,40,Ashley Brown,Sales,Sales Representative,Contract,2024-02-01,
69,52,Matthew Montgomery,Sales,Sales Representative,Contract,2021-05-14,
123,92,Ashlee Roberts,Sales,Sales Representative,Contract,2022-09-29,
137,103,Derek Martinez,Sales,Sales Representative,Contract,2024-10-15,
157,116,Nicole Brown,Sales,Sales Representative,Contract,2022-02-25,
169,125,Roberto Sanchez,Sales,Sales Representative,Contract,2021-02-08,
176,130,Stephanie Murphy,Sales,Sales Representative,Contract,2023-04-21,
208,153,John Martin,Sales,Sales Representative,Contract,2020-09-16,
226,166,Kimberly Hoover,Sales,Sales Representative,Contract,2025-08-03,
277,202,Anthony Anderson,Sales,Sales Representative,Contract,2022-01-25,
285,208,Crystal Smith,Sales,Sales Representative,Contract,2024-03-15,
311,227,Charles Jennings,Sales,Sales Representative,Contract,2025-11-05,
318,232,Jennifer Hunter,Sales,Sales Representative,Contract,2026-01-28,
332,241,Gregory Morgan,Sales,Sales Representative,Contract,2025-07-28,
337,244,Dana Rivera,Sales,Sales Representative,Contract,2027-05-30,
342,249,Meghan Williams,Sales,Sales Representative,Contract,2023-02-01,
345,252,Vickie Stevens,Sales,Sales Representative,Contract,2026-01-31,
358,263,John Hoffman,Sales,Sales Representative,Contract,2025-09-23,
404,295,Julie Carey,Sales,Sales Representative,Contract,2024-11-15,
443,325,Erica Sellers,Sales,Sales Representative,Contract,2021-04-04,
509,368,Andre Morrison,Sales,Sales Representative,Contract,2028-07-31,
519,374,Stacey Lang,Sales,Sales Representative,Contract,2025-07-04,
522,376,Michael Pugh,Sales,Sales Representative,Contract,2027-10-21,
551,399,Vincent Strickland,Sales,Sales Representative,Contract,2022-07-03,
558,404,Ethan Hodges,Sales,Sales Representative,Contract,2021-09-29,
577,419,Keith Little,Sales,Sales Representative,Contract,2022-12-05,
579,421,Anthony Curry,Sales,Sales Representative,Contract,2021-03-21,
607,441,Daniel Winters,Sales,Sales Representative,Contract,2021-10-09,
612,444,Mary Taylor,Sales,Sales Representative,Contract,2025-09-30,
637,459,Jamie Serrano,Sales,Sales Representative,Contract,2027-08-03,
663,479,Brian Marshall,Sales,Sales Representative,Contract,2021-05-21,
673,486,Randy Smith,Sales,Sales Representative,Contract,2024-09-17,
679,491,Bradley Barr,Sales,Sales Representative,Contract,2020-09-13,
680,492,Kathleen Randolph,Sales,Sales Representative,Contract,2022-07-25,
690,500,Ryan Ferrell,Sales,Sales Representative,Contract,2023-07-11,
